{
  "companyId": "cb8fd5f3-819e-4b26-9a9b-885ce9d052e7",
  "authTokenExpireIds": [],
  "connectorIds": [
    "functionsConnector",
    "httpConnector"
  ],
  "createdDate": 1713415249933,
  "currentVersion": 7,
  "customerId": "fbb2a61aa0ded55d8ccd4e85b50ac80a",
  "deployedDate": 1713415252859,
  "description": "",
  "flowStatus": "enabled",
  "isOutputSchemaSaved": false,
  "name": "SoapTry",
  "publishedVersion": 7,
  "settings": {
    "csp": "worker-src 'self' blob:; script-src 'self' https://cdn.jsdelivr.net https://code.jquery.com https://devsdk.singularkey.com http://cdnjs.cloudflare.com 'unsafe-inline' 'unsafe-eval';",
    "intermediateLoadingScreenCSS": "",
    "intermediateLoadingScreenHTML": "",
    "logLevel": 3,
    "useCustomScript": false,
    "jsLinks": [
      {
        "label": "https://code.jquery.com/jquery-3.6.0.min.js",
        "value": "https://code.jquery.com/jquery-3.6.0.min.js",
        "defer": "false",
        "crossorigin": "",
        "integrity": "",
        "referrerpolicy": "",
        "type": ""
      }
    ],
    "useCustomCSS": true
  },
  "timeouts": "null",
  "updatedDate": 1713415252882,
  "flowId": "629a0e18afe5b406a5a55d62e7d1ff63",
  "versionId": 7,
  "graphData": {
    "elements": {
      "nodes": [
        {
          "data": {
            "id": "u7zygx5exs",
            "nodeType": "CONNECTION",
            "connectionId": "de650ca45593b82c49064ead10b9fe17",
            "connectorId": "functionsConnector",
            "name": "Functions",
            "label": "Functions",
            "status": "configured",
            "capabilityName": "customFunction",
            "type": "trigger",
            "properties": {
              "code": {
                "value": "// Write your code here\n// Supported language: Javascript \nmodule.exports = a = async ({params}) => {\n\tconsole.log('params: ', params)\n\t$.soap({\nurl: 'http://my.server.com/soapservices/',\nmethod: 'helloWorld',\n\ndata: {\n    name: 'Remy Blom',\n    msg: 'Hi!'\n},\n\nsuccess: function (soapResponse) {\n    // do stuff with soapResponse\n    // if you want to have the response as JSON use soapResponse.toJSON();\n    // or soapResponse.toString() to get XML string\n    // or soapResponse.toXML() to get XML DOM\n},\nerror: function (SOAPResponse) {\n    // show error\n}\n});\n\treturn {'testVariable': params.testVariable}\n}"
              }
            }
          },
          "position": {
            "x": 497,
            "y": 276
          },
          "group": "nodes",
          "removed": false,
          "selected": false,
          "selectable": true,
          "locked": false,
          "grabbable": true,
          "pannable": false,
          "classes": ""
        },
        {
          "data": {
            "id": "25ixwrg2qg",
            "nodeType": "CONNECTION",
            "connectionId": "de650ca45593b82c49064ead10b9fe17",
            "connectorId": "functionsConnector",
            "name": "Functions",
            "label": "Functions",
            "status": "configured",
            "capabilityName": "customFunction",
            "type": "trigger",
            "properties": {
              "nodeTitle": {
                "value": "Encode Basic Credentials"
              },
              "nodeDescription": {
                "value": "Base64 encode clientId:clientSecret"
              },
              "outputSchema": {
                "value": "{\n\t\"output\": {\n\t\t\"type\": \"object\",\n\t\t\"properties\": {\n\t\t\t\"encodedCredentials\": {\n\t\t\t\t\"type\": \"string\"\n\t\t\t}\n\t\t}\n\t}\n}"
              },
              "variableInputList": {
                "value": [
                  {
                    "name": "clientId",
                    "preferredDataType": "string",
                    "value": "[\n  {\n    \"children\": [\n      {\n        \"text\": \"huh\"\n      }\n    ]\n  }\n]"
                  },
                  {
                    "name": "clientSecret",
                    "preferredDataType": "string",
                    "value": "[\n  {\n    \"children\": [\n      {\n        \"text\": \"huh\"\n      }\n    ]\n  }\n]"
                  }
                ]
              },
              "code": {
                "value": "/**\n * Encode basic credentials\n * @param {string} clientId - The client Id to encode\n * @param {string} clientSecret - The client secret to encode\n * @returns {string} base64 encoded clientId:clientSecret\n */\nmodule.exports = a = async ({ params }) => {\n  const clientId = params.clientId;\n  const clientSecret = params.clientSecret;\n\n  // If either value is missing, return an error\n  if (!clientId || !clientSecret) {\n    return false;\n  }\n\n  const encodedCredentials = new Buffer(clientId + \":\" + clientSecret).toString(\"base64\");\n\n  return { 'encodedCredentials': encodedCredentials }\n}"
              }
            },
            "idUnique": "21gisu4zae"
          },
          "position": {
            "x": 727,
            "y": 266
          },
          "group": "nodes",
          "removed": false,
          "selected": false,
          "selectable": true,
          "locked": false,
          "grabbable": true,
          "pannable": false,
          "classes": ""
        },
        {
          "data": {
            "id": "2bh8ztsqqy",
            "nodeType": "EVAL"
          },
          "position": {
            "x": 612,
            "y": 271
          },
          "group": "nodes",
          "removed": false,
          "selected": false,
          "selectable": true,
          "locked": false,
          "grabbable": true,
          "pannable": false,
          "classes": ""
        },
        {
          "data": {
            "id": "hpixt0s0rh",
            "nodeType": "CONNECTION",
            "connectionId": "481e952e6b11db8360587b8711620786",
            "connectorId": "httpConnector",
            "name": "HTTP",
            "label": "HTTP",
            "status": "configured",
            "capabilityName": "customHtmlMessage",
            "type": "trigger",
            "properties": {
              "messageTitle": {
                "value": "[\n  {\n    \"children\": [\n      {\n        \"text\": \"Hello soap test\"\n      }\n    ]\n  }\n]"
              },
              "showContinueButton": {
                "value": true
              }
            }
          },
          "position": {
            "x": 277,
            "y": 236
          },
          "group": "nodes",
          "removed": false,
          "selected": false,
          "selectable": true,
          "locked": false,
          "grabbable": true,
          "pannable": false,
          "classes": ""
        },
        {
          "data": {
            "id": "c4hkj7k365",
            "nodeType": "EVAL"
          },
          "position": {
            "x": 387,
            "y": 256
          },
          "group": "nodes",
          "removed": false,
          "selected": false,
          "selectable": true,
          "locked": false,
          "grabbable": true,
          "pannable": false,
          "classes": ""
        }
      ],
      "edges": [
        {
          "data": {
            "id": "yrro4lth64",
            "source": "u7zygx5exs",
            "target": "2bh8ztsqqy"
          },
          "position": {
            "x": 0,
            "y": 0
          },
          "group": "edges",
          "removed": false,
          "selected": false,
          "selectable": true,
          "locked": false,
          "grabbable": true,
          "pannable": true,
          "classes": ""
        },
        {
          "data": {
            "id": "4c53mr21cp",
            "source": "2bh8ztsqqy",
            "target": "25ixwrg2qg"
          },
          "position": {
            "x": 0,
            "y": 0
          },
          "group": "edges",
          "removed": false,
          "selected": false,
          "selectable": true,
          "locked": false,
          "grabbable": true,
          "pannable": true,
          "classes": ""
        },
        {
          "data": {
            "id": "2r889dexe7",
            "source": "hpixt0s0rh",
            "target": "c4hkj7k365"
          },
          "position": {
            "x": 0,
            "y": 0
          },
          "group": "edges",
          "removed": false,
          "selected": false,
          "selectable": true,
          "locked": false,
          "grabbable": true,
          "pannable": true,
          "classes": ""
        },
        {
          "data": {
            "id": "6wkdfdga1n",
            "source": "c4hkj7k365",
            "target": "u7zygx5exs"
          },
          "position": {
            "x": 0,
            "y": 0
          },
          "group": "edges",
          "removed": false,
          "selected": false,
          "selectable": true,
          "locked": false,
          "grabbable": true,
          "pannable": true,
          "classes": ""
        }
      ]
    },
    "data": {},
    "zoomingEnabled": true,
    "userZoomingEnabled": true,
    "zoom": 1,
    "minZoom": 1e-50,
    "maxZoom": 1e+50,
    "panningEnabled": true,
    "userPanningEnabled": true,
    "pan": {
      "x": 0,
      "y": 0
    },
    "boxSelectionEnabled": true,
    "renderer": {
      "name": "null"
    }
  },
  "flowColor": "#AFD5FF",
  "savedDate": 1713415249875,
  "variables": [],
  "connections": []
}