{
  "companyId": "4841502d-59b4-443d-8fa9-861cd2a056b0",
  "authTokenExpireIds": [],
  "connectorIds": [
    "pingOneSSOConnector",
    "httpConnector",
    "variablesConnector",
    "functionsConnector",
    "flowConnector",
    "notificationsConnector",
    "annotationConnector"
  ],
  "createdDate": 1706887099623,
  "currentVersion": 1,
  "customerId": "fbb2a61aa0ded55d8ccd4e85b50ac80a",
  "deployedDate": 1706887100079,
  "description": "Lightweight application self service request and approval",
  "flowStatus": "enabled",
  "inputSchemaCompiled": {
    "parameters": {
      "type": "object",
      "properties": {
        "accessToken": {
          "description": "",
          "preferredDataType": "string",
          "isExpanded": true,
          "type": "string",
          "name": "accessToken"
        },
        "companyName": {
          "description": "",
          "preferredDataType": "string",
          "isExpanded": true,
          "type": "string",
          "name": "companyName"
        }
      },
      "additionalProperties": false,
      "required": []
    }
  },
  "isInputSchemaSaved": true,
  "isOutputSchemaSaved": false,
  "name": "Application and app approval - [AdvDemo]",
  "publishedVersion": 1,
  "settings": {
    "csp": "worker-src 'self' blob:; script-src 'self' https://cdn.jsdelivr.net https://code.jquery.com https://devsdk.singularkey.com http://cdnjs.cloudflare.com 'unsafe-inline' 'unsafe-eval';",
    "intermediateLoadingScreenCSS": "",
    "intermediateLoadingScreenHTML": "",
    "useCustomCSS": true,
    "logLevel": 2,
    "cssLinks": [
      "https://extdemo.ping-eng.com/logindemo/advdemo-forms/css/style.css"
    ]
  },
  "timeouts": "null",
  "updatedDate": 1706887100164,
  "flowId": "b19b50449a98fe63b215238f73f3a0a3",
  "versionId": 1,
  "graphData": {
    "elements": {
      "nodes": [
        {
          "data": {
            "id": "b3ojgew0da",
            "nodeType": "CONNECTION",
            "connectionId": "94141bf2f1b9b59a5f5365ff135e02bb",
            "connectorId": "pingOneSSOConnector",
            "name": "PingOne",
            "label": "PingOne - AdvDemoEnv",
            "status": "configured",
            "capabilityName": "userLookup",
            "type": "action",
            "properties": {
              "matchAttributes": {
                "value": [
                  "username"
                ]
              },
              "userIdentifierForFindUser": {
                "value": "[\n  {\n    \"children\": [\n      {\n        \"text\": \"\"\n      },\n      {\n        \"text\": \"\"\n      },\n      {\n        \"type\": \"moustache\",\n        \"data\": \"{{local.tmtbk0x22h.payload.output.rawResponse.body.sub}}\",\n        \"name\": \"sub\",\n        \"children\": [\n          {\n            \"text\": \"\"\n          }\n        ]\n      },\n      {\n        \"text\": \"\"\n      }\n    ]\n  }\n]"
              }
            },
            "idUnique": "pdgbq27jr7"
          },
          "position": {
            "x": 951,
            "y": 390
          },
          "group": "nodes",
          "removed": false,
          "selected": false,
          "selectable": true,
          "locked": false,
          "grabbable": true,
          "pannable": false,
          "classes": ""
        },
        {
          "data": {
            "id": "pjj3b8anoi",
            "nodeType": "CONNECTION",
            "connectionId": "867ed4363b2bc21c860085ad2baa817d",
            "connectorId": "httpConnector",
            "name": "Http",
            "label": "Http",
            "status": "configured",
            "capabilityName": "makeRestApiCall",
            "type": "trigger",
            "properties": {
              "headers": {
                "value": [
                  {
                    "key": "Authorization",
                    "value": "[\n  {\n    \"children\": [\n      {\n        \"text\": \"Basic \"\n      },\n      {\n        \"text\": \"\"\n      },\n      {\n        \"type\": \"link\",\n        \"src\": \"functions.svg\",\n        \"url\": \"encodedCredentials\",\n        \"data\": \"{{local.4ebo6i169e.payload.output.encodedCredentials}}\",\n        \"tooltip\": \"{{local.4ebo6i169e.payload.output.encodedCredentials}}\",\n        \"children\": [\n          {\n            \"text\": \"encodedCredentials\"\n          }\n        ]\n      },\n      {\n        \"text\": \"\"\n      }\n    ]\n  }\n]"
                  }
                ]
              },
              "url": {
                "value": "[\n  {\n    \"children\": [\n      {\n        \"text\": \"https://auth.pingone.com/\"\n      },\n      {\n        \"text\": \"\"\n      },\n      {\n        \"type\": \"link\",\n        \"src\": \"variable.svg\",\n        \"url\": \"PingOneEnvID\",\n        \"data\": \"{{global.variables.PingOneEnvID}}\",\n        \"tooltip\": \"{{global.variables.PingOneEnvID}}\",\n        \"children\": [\n          {\n            \"text\": \"PingOneEnvID\"\n          }\n        ]\n      },\n      {\n        \"text\": \"\"\n      },\n      {\n        \"text\": \"/as/token\"\n      }\n    ]\n  }\n]"
              },
              "httpMethod": {
                "value": "POST"
              },
              "nodeTitle": {
                "value": "GetAccessToken"
              },
              "httpBody": {
                "value": "xwwwFormUrlEncoded"
              },
              "bodyParams": {
                "value": [
                  {
                    "key": "grant_type",
                    "value": "[\n  {\n    \"children\": [\n      {\n        \"text\": \"client_credentials\"\n      }\n    ]\n  }\n]"
                  },
                  {
                    "key": "",
                    "value": ""
                  }
                ]
              },
              "backgroundColor": {
                "value": "#4a90e2ff"
              },
              "contentType": {
                "value": "application/json"
              }
            }
          },
          "position": {
            "x": 1161,
            "y": 390
          },
          "group": "nodes",
          "removed": false,
          "selected": false,
          "selectable": true,
          "locked": false,
          "grabbable": true,
          "pannable": false,
          "classes": ""
        },
        {
          "data": {
            "id": "n31dkbvd94",
            "nodeType": "CONNECTION",
            "connectionId": "06922a684039827499bdbdd97f49827b",
            "connectorId": "variablesConnector",
            "name": "Variables",
            "label": "Variables",
            "status": "configured",
            "capabilityName": "saveValue",
            "type": "trigger",
            "properties": {
              "saveVariables": {
                "value": [
                  {
                    "name": "PingOneEnvID",
                    "value": "[\n  {\n    \"children\": [\n      {\n        \"text\": \"8b1d94f9-4906-4215-b6bf-c0ef68cc10a1\"\n      }\n    ]\n  }\n]",
                    "key": 0.6482211196632945,
                    "label": "PingOneEnvID (string - flowInstance)",
                    "type": "string"
                  },
                  {
                    "name": "clientID",
                    "value": "[\n  {\n    \"children\": [\n      {\n        \"text\": \"7ad3fc2b-538e-472e-9c0b-f3743895d161\"\n      }\n    ]\n  }\n]",
                    "key": 0.11200026837225052,
                    "type": "string",
                    "label": "clientID (string - flowInstance)"
                  },
                  {
                    "name": "clientSecret",
                    "value": "[\n  {\n    \"children\": [\n      {\n        \"text\": \"mA0Wgg0_RM-nWwKIz2rAFz0PjM3MEscSgQmlu.jgykRVXc4ZUuTNn3o6xH34lcso\"\n      }\n    ]\n  }\n]",
                    "key": 0.7594213140818482,
                    "type": "string",
                    "label": "clientSecret (string - flowInstance)"
                  },
                  {
                    "name": "AppicationsGroupID",
                    "value": "[\n  {\n    \"children\": [\n      {\n        \"text\": \"23627879-30c7-4f5c-a99d-bacfad95c726\"\n      }\n    ]\n  }\n]",
                    "key": 0.5957358475573544,
                    "label": "AppicationsGroupID (string - flowInstance)",
                    "type": "string"
                  }
                ]
              }
            }
          },
          "position": {
            "x": 277,
            "y": 390
          },
          "group": "nodes",
          "removed": false,
          "selected": false,
          "selectable": true,
          "locked": false,
          "grabbable": true,
          "pannable": false,
          "classes": ""
        },
        {
          "data": {
            "id": "9h716hlpgj",
            "nodeType": "EVAL"
          },
          "position": {
            "x": 1071,
            "y": 390
          },
          "group": "nodes",
          "removed": false,
          "selected": false,
          "selectable": true,
          "locked": false,
          "grabbable": true,
          "pannable": false,
          "classes": ""
        },
        {
          "data": {
            "id": "2ik05x6hem",
            "nodeType": "CONNECTION",
            "connectionId": "867ed4363b2bc21c860085ad2baa817d",
            "connectorId": "httpConnector",
            "name": "Http",
            "label": "httpConnector",
            "status": "configured",
            "capabilityName": "makeRestApiCall",
            "type": "trigger",
            "properties": {
              "url": {
                "value": "[\n  {\n    \"children\": [\n      {\n        \"text\": \"https://api.pingone.com/v1/environments/\"\n      },\n      {\n        \"text\": \"\"\n      },\n      {\n        \"text\": \"\"\n      },\n      {\n        \"type\": \"link\",\n        \"src\": \"variable.svg\",\n        \"url\": \"PingOneEnvID\",\n        \"data\": \"{{global.variables.PingOneEnvID}}\",\n        \"tooltip\": \"{{global.variables.PingOneEnvID}}\",\n        \"children\": [\n          {\n            \"text\": \"PingOneEnvID\"\n          }\n        ]\n      },\n      {\n        \"text\": \"\"\n      },\n      {\n        \"text\": \"\"\n      },\n      {\n        \"text\": \"/\"\n      },\n      {\n        \"text\": \"groups\"\n      },\n      {\n        \"text\": \"?filter=memberOfGroups%5Bid%20eq%20%22\"\n      },\n      {\n        \"text\": \"\"\n      },\n      {\n        \"type\": \"link\",\n        \"src\": \"variable.svg\",\n        \"url\": \"AppicationsGroupID\",\n        \"data\": \"{{global.variables.AppicationsGroupID}}\",\n        \"tooltip\": \"{{global.variables.AppicationsGroupID}}\",\n        \"children\": [\n          {\n            \"text\": \"AppicationsGroupID\"\n          }\n        ]\n      },\n      {\n        \"text\": \"\"\n      },\n      {\n        \"text\": \"%22%20and%20type%20eq%20%22DIRECT%22%5D\"\n      },\n      {\n        \"text\": \"\"\n      }\n    ]\n  }\n]"
              },
              "headers": {
                "value": [
                  {
                    "key": "Authorization",
                    "value": "[\n  {\n    \"children\": [\n      {\n        \"text\": \"Bearer {{local.pjj3b8anoi.payload.output.rawResponse.body.access_token}}\"\n      }\n    ]\n  }\n]"
                  },
                  {
                    "key": "accept",
                    "value": "[\n  {\n    \"children\": [\n      {\n        \"text\": \"*/*\"\n      }\n    ]\n  }\n]"
                  }
                ]
              },
              "httpBody": {
                "value": "none"
              },
              "httpMethod": {
                "value": "GET"
              },
              "contentType": {
                "value": "application/hal+json"
              },
              "raw": {},
              "backgroundColor": {
                "value": "#4a90e2ff"
              },
              "nodeTitle": {
                "value": "Get application groups from parent group"
              }
            },
            "idUnique": "zlrow3df0p"
          },
          "position": {
            "x": 1401,
            "y": 390
          },
          "group": "nodes",
          "removed": false,
          "selected": false,
          "selectable": true,
          "locked": false,
          "grabbable": true,
          "pannable": false,
          "classes": ""
        },
        {
          "data": {
            "id": "rib6bi47l2",
            "nodeType": "EVAL"
          },
          "position": {
            "x": 1281,
            "y": 390
          },
          "group": "nodes",
          "removed": false,
          "selected": false,
          "selectable": true,
          "locked": false,
          "grabbable": true,
          "pannable": false,
          "classes": ""
        },
        {
          "data": {
            "id": "g706sk6u",
            "nodeType": "CONNECTION",
            "connectionId": "77a7d563e75f8b4d28654282eaae9a68",
            "connectorId": "functionsConnector",
            "name": "Find Matching Policies",
            "label": "Functions",
            "status": "configured",
            "capabilityName": "customFunction",
            "type": "trigger",
            "properties": {
              "variableInputList": {
                "value": [
                  {
                    "name": "groups",
                    "preferredDataType": "object",
                    "value": "[\n  {\n    \"children\": [\n      {\n        \"text\": \"{{local.2ik05x6hem.payload.output.rawResponse.body._embedded.groups}}\"\n      }\n    ]\n  }\n]"
                  },
                  {
                    "name": "userGroups",
                    "preferredDataType": "object",
                    "value": "[\n  {\n    \"children\": [\n      {\n        \"text\": \"\"\n      },\n      {\n        \"text\": \"\"\n      },\n      {\n        \"type\": \"link\",\n        \"src\": \"pingIdentity.svg\",\n        \"url\": \"groupMemberships\",\n        \"data\": \"{{local.eyduiwbkqc.payload.output.groupMemberships}}\",\n        \"tooltip\": \"{{local.eyduiwbkqc.payload.output.groupMemberships}}\",\n        \"children\": [\n          {\n            \"text\": \"groupMemberships\"\n          }\n        ]\n      },\n      {\n        \"text\": \"\"\n      }\n    ]\n  }\n]"
                  }
                ]
              },
              "code": {
                "value": "// Write your code here\n// Supported language: Javascript \nmodule.exports = a = async ({params}) => {\n\tconsole.log('params: ', params)\n\t\nvar grouptbl=\"\";\nvar systemGroups = params.groups;\nvar userGroups = params.userGroups;\nvar userMemberGroups = \"\";\n\n\nif (userGroups.length == 0){\n\tuserMemberGroups = \"<tr><td>You have no assigned roles.</td></tr>\";\n}\n\nelse{\n\t//Read out existing groups the user is a memberOf\n\tfor (d=0; d < userGroups.length; d++){\n\t\t//Get existing groups to display\n\t\tuserMemberGroups += \"<tr><td>\" + userGroups[d].name; + \"</td></tr>\";\n\t}\n}\n\n//loop through any existing groups with the prefix app to limit list and designate groups associated with apps for approval\nfor (i=0; i < systemGroups.length;i++){\n\tvar skipGroup = false;\n\t\t//check each of the user groups to ensure they don't already have membership\n\t\tfor (d=0; d < userGroups.length; d++){\n\t\t\tif (userGroups[d].id == systemGroups[i].id){\n\t\t\t\tskipGroup = true\n\t\t\t\tbreak\n\t\t\t}\n\t\t}\n\t\t\n\t\tif (skipGroup == false){\n\t\t\tgrouptbl+=\"<tr><td>\"+ systemGroups[i].name + \"</td><td><input type=\\\"radio\\\" name=\\\"grpSelection\\\" id=\\\"grpSelection\\\" value=\\\"\" + systemGroups[i].id + \"\\\"></td></tr>\\n\";\n\t\t}\t\n\n}\n\treturn {'groups': grouptbl,\"userGroups\": userMemberGroups}\n}"
              },
              "outputSchema": {
                "value": "{\n\t\"output\": {\n\t\t\"type\": \"object\",\n\t\t\"properties\": {\n\t\t\t\"groups\": {\n\t\t\t\t\"type\": \"string\"\n\t\t\t},\n\t\t\t\"userGroups\": {\n\t\t\t\t\"type\": \"string\"\n\t\t\t}\n\t\t}\n\t}\n}"
              },
              "backgroundColor": {
                "value": "#f5a623ff"
              },
              "nodeTitle": {
                "value": "Get Child Groups of Main"
              }
            }
          },
          "position": {
            "x": 1874,
            "y": 390
          },
          "group": "nodes",
          "removed": false,
          "selected": false,
          "selectable": true,
          "locked": false,
          "grabbable": true,
          "pannable": false,
          "classes": ""
        },
        {
          "data": {
            "id": "wmpb9c18hn",
            "nodeType": "EVAL",
            "label": "Evaluator"
          },
          "position": {
            "x": 1994,
            "y": 390
          },
          "group": "nodes",
          "removed": false,
          "selected": false,
          "selectable": true,
          "locked": false,
          "grabbable": true,
          "pannable": false,
          "classes": ""
        },
        {
          "data": {
            "id": "3ynmutctq6",
            "nodeType": "CONNECTION",
            "connectionId": "867ed4363b2bc21c860085ad2baa817d",
            "connectorId": "httpConnector",
            "name": "Http",
            "label": "Http",
            "status": "configured",
            "capabilityName": "customHTMLTemplate",
            "type": "trigger",
            "properties": {
              "customHTML": {
                "value": "<form id=\"frmGroupAdd\">\n<center>\n    <div class=\"clearBk\">\n<br>\n<h3>My Current Roles</h3>\n<br>\n<table>\n    {{local.g706sk6u.payload.output.userGroups}}\n     <tr><td colspan=\"2\"><br></td><tr>\n</table>\n<hr>\n<br>\n    <h3>Available Roles</h3>\n    <br>\n    <p>Please select a role below. Your request must be approved before you can get access to the role.</p>\n<br>\n<table>\n    {{local.g706sk6u.payload.output.groups}}\n     <tr><td colspan=\"2\"><br></td><tr>\n    <tr><td colspan=\"2\" align=\"center\"><br></td></tr>\n\n</table>\n<center>\n<button type=\"submit\" class=\"btn btn-primary\" data-skcomponent=\"skbutton\" data-skbuttontype=\"form-submit\" data-skform=\"frmGroupAdd\">Select</button>\n<br>\n<br>\n</center>\n</div>\n</center>\n</form>"
              },
              "formFieldsList": {
                "value": [
                  {
                    "propertyName": "grpSelection",
                    "preferredControlType": "",
                    "preferredDataType": "string",
                    "value": "",
                    "hashedVisibility": false
                  },
                  {
                    "preferredControlType": "textField",
                    "preferredDataType": "string",
                    "propertyName": "buttonValue"
                  }
                ]
              },
              "backgroundColor": {
                "value": "#417505ff"
              },
              "customCSS": {
                "value": ".clearBk\n{\n    background-color: #FFFFFF;\n}"
              },
              "nodeTitle": {
                "value": "Application Selection"
              }
            }
          },
          "position": {
            "x": 2144,
            "y": 390
          },
          "group": "nodes",
          "removed": false,
          "selected": false,
          "selectable": true,
          "locked": false,
          "grabbable": true,
          "pannable": false,
          "classes": ""
        },
        {
          "data": {
            "id": "rrovdg9je",
            "nodeType": "CONNECTION",
            "connectionId": "867ed4363b2bc21c860085ad2baa817d",
            "connectorId": "httpConnector",
            "name": "Http",
            "label": "httpConnector",
            "status": "configured",
            "capabilityName": "makeRestApiCall",
            "type": "trigger",
            "properties": {
              "url": {
                "value": "[\n  {\n    \"children\": [\n      {\n        \"text\": \"https://api.pingone.com/v1/environments/\"\n      },\n      {\n        \"text\": \"\"\n      },\n      {\n        \"text\": \"\"\n      },\n      {\n        \"type\": \"link\",\n        \"src\": \"variable.svg\",\n        \"url\": \"PingOneEnvID\",\n        \"data\": \"{{global.variables.PingOneEnvID}}\",\n        \"tooltip\": \"{{global.variables.PingOneEnvID}}\",\n        \"children\": [\n          {\n            \"text\": \"PingOneEnvID\"\n          }\n        ]\n      },\n      {\n        \"text\": \"\"\n      },\n      {\n        \"text\": \"\"\n      },\n      {\n        \"text\": \"/users/\"\n      },\n      {\n        \"text\": \"\"\n      },\n      {\n        \"text\": \"\"\n      },\n      {\n        \"type\": \"link\",\n        \"src\": \"pingIdentity.svg\",\n        \"url\": \"id\",\n        \"data\": \"{{local.b3ojgew0da.payload.output.matchedUser.id}}\",\n        \"tooltip\": \"{{local.b3ojgew0da.payload.output.matchedUser.id}}\",\n        \"children\": [\n          {\n            \"text\": \"id\"\n          }\n        ]\n      },\n      {\n        \"text\": \"\"\n      },\n      {\n        \"text\": \"/memberOfGroups\"\n      },\n      {\n        \"text\": \"\"\n      },\n      {\n        \"text\": \"\"\n      }\n    ]\n  }\n]"
              },
              "headers": {
                "value": [
                  {
                    "key": "Authorization",
                    "value": "[\n  {\n    \"children\": [\n      {\n        \"text\": \"Bearer {{local.pjj3b8anoi.payload.output.rawResponse.body.access_token}}\"\n      }\n    ]\n  }\n]"
                  },
                  {
                    "key": "accept",
                    "value": "[\n  {\n    \"children\": [\n      {\n        \"text\": \"*/*\"\n      }\n    ]\n  }\n]"
                  }
                ]
              },
              "httpBody": {
                "value": "raw"
              },
              "httpMethod": {
                "value": "POST"
              },
              "contentType": {
                "value": "application/hal+json"
              },
              "raw": {
                "value": "{\n    \"id\": \"{{local.3ynmutctq6.payload.output.grpSelection}}\"\n}"
              },
              "backgroundColor": {
                "value": "#4a90e2ff"
              },
              "nodeTitle": {
                "value": "Assign groups"
              }
            },
            "idUnique": "gnr9mnj3tq"
          },
          "position": {
            "x": 3125,
            "y": 450
          },
          "group": "nodes",
          "removed": false,
          "selected": false,
          "selectable": true,
          "locked": false,
          "grabbable": true,
          "pannable": false,
          "classes": ""
        },
        {
          "data": {
            "id": "vvw6ap8278",
            "nodeType": "CONNECTION",
            "connectionId": "33329a264e268ab31fb19637debf1ea3",
            "connectorId": "flowConnector",
            "name": "Flow Conductor",
            "label": "FlowConnector",
            "status": "configured",
            "capabilityName": "oobStart",
            "type": "trigger",
            "properties": {
              "nodeTitle": {
                "value": "Admin Approval Email"
              }
            }
          },
          "position": {
            "x": 2405,
            "y": 236
          },
          "group": "nodes",
          "removed": false,
          "selected": false,
          "selectable": true,
          "locked": false,
          "grabbable": true,
          "pannable": false,
          "classes": ""
        },
        {
          "data": {
            "id": "gxtknf6con",
            "nodeType": "EVAL"
          },
          "position": {
            "x": 2255,
            "y": 340.25
          },
          "group": "nodes",
          "removed": false,
          "selected": false,
          "selectable": true,
          "locked": false,
          "grabbable": true,
          "pannable": false,
          "classes": ""
        },
        {
          "data": {
            "id": "d6ik9dgw4v",
            "nodeType": "CONNECTION",
            "connectionId": "33329a264e268ab31fb19637debf1ea3",
            "connectorId": "flowConnector",
            "name": "Flow Conductor",
            "label": "FlowConnector",
            "status": "configured",
            "capabilityName": "oobContinue",
            "type": "action",
            "properties": {
              "nodeTitle": {
                "value": "Admin approval/reject continue"
              }
            }
          },
          "position": {
            "x": 2405,
            "y": 446
          },
          "group": "nodes",
          "removed": false,
          "selected": false,
          "selectable": true,
          "locked": false,
          "grabbable": true,
          "pannable": false,
          "classes": ""
        },
        {
          "data": {
            "id": "mdbi536kem",
            "nodeType": "CONNECTION",
            "connectionId": "867ed4363b2bc21c860085ad2baa817d",
            "connectorId": "httpConnector",
            "name": "Http",
            "label": "httpConnector",
            "status": "configured",
            "capabilityName": "makeRestApiCall",
            "type": "trigger",
            "properties": {
              "url": {
                "value": "[\n  {\n    \"children\": [\n      {\n        \"text\": \"https://api.pingone.com/v1/environments/\"\n      },\n      {\n        \"text\": \"\"\n      },\n      {\n        \"text\": \"\"\n      },\n      {\n        \"type\": \"link\",\n        \"src\": \"variable.svg\",\n        \"url\": \"PingOneEnvID\",\n        \"data\": \"{{global.variables.PingOneEnvID}}\",\n        \"tooltip\": \"{{global.variables.PingOneEnvID}}\",\n        \"children\": [\n          {\n            \"text\": \"PingOneEnvID\"\n          }\n        ]\n      },\n      {\n        \"text\": \"\"\n      },\n      {\n        \"text\": \"\"\n      },\n      {\n        \"text\": \"/\"\n      },\n      {\n        \"text\": \"groups/\"\n      },\n      {\n        \"text\": \"\"\n      },\n      {\n        \"type\": \"link\",\n        \"src\": \"http.svg\",\n        \"url\": \"grpSelection\",\n        \"data\": \"{{local.3ynmutctq6.payload.output.grpSelection}}\",\n        \"tooltip\": \"{{local.3ynmutctq6.payload.output.grpSelection}}\",\n        \"children\": [\n          {\n            \"text\": \"grpSelection\"\n          }\n        ]\n      },\n      {\n        \"text\": \"\"\n      },\n      {\n        \"text\": \"\"\n      }\n    ]\n  }\n]"
              },
              "headers": {
                "value": [
                  {
                    "key": "Authorization",
                    "value": "[\n  {\n    \"children\": [\n      {\n        \"text\": \"Bearer {{local.pjj3b8anoi.payload.output.rawResponse.body.access_token}}\"\n      }\n    ]\n  }\n]"
                  },
                  {
                    "key": "accept",
                    "value": "[\n  {\n    \"children\": [\n      {\n        \"text\": \"*/*\"\n      }\n    ]\n  }\n]"
                  }
                ]
              },
              "httpBody": {
                "value": "none"
              },
              "httpMethod": {
                "value": "GET"
              },
              "contentType": {
                "value": "application/hal+json"
              },
              "raw": {},
              "backgroundColor": {
                "value": "#4a90e2ff"
              },
              "nodeTitle": {
                "value": "Get group selected"
              }
            },
            "idUnique": "71ihhfccz6"
          },
          "position": {
            "x": 2615,
            "y": 240
          },
          "group": "nodes",
          "removed": false,
          "selected": false,
          "selectable": true,
          "locked": false,
          "grabbable": true,
          "pannable": false,
          "classes": ""
        },
        {
          "data": {
            "id": "ztpv90t153",
            "nodeType": "EVAL"
          },
          "position": {
            "x": 2510,
            "y": 238
          },
          "group": "nodes",
          "removed": false,
          "selected": false,
          "selectable": true,
          "locked": false,
          "grabbable": true,
          "pannable": false,
          "classes": ""
        },
        {
          "data": {
            "id": "ni8zd88bk0",
            "nodeType": "EVAL",
            "label": "Evaluator"
          },
          "position": {
            "x": 2724.5,
            "y": 239.75
          },
          "group": "nodes",
          "removed": false,
          "selected": false,
          "selectable": true,
          "locked": false,
          "grabbable": true,
          "pannable": false,
          "classes": ""
        },
        {
          "data": {
            "id": "olam2b2qow",
            "nodeType": "CONNECTION",
            "connectionId": "867ed4363b2bc21c860085ad2baa817d",
            "connectorId": "httpConnector",
            "name": "Http",
            "label": "Http",
            "status": "configured",
            "capabilityName": "customHTMLTemplate",
            "type": "trigger",
            "properties": {
              "customHTML": {
                "value": "<center>\n    <div class=\"clearBk\">\n        <br>\n<h3>Thank you. Your request has been submitted.</h3>\n<br>\n<p>You should hear back in the next 48 hours. If you don't, please contact your administrator</p>\n<br>\n<br>\n</div>\n</center>"
              },
              "formFieldsList": {
                "value": [
                  {
                    "propertyName": "grpSelection",
                    "preferredControlType": "",
                    "preferredDataType": "string",
                    "value": "",
                    "hashedVisibility": false
                  },
                  {
                    "preferredControlType": "textField",
                    "preferredDataType": "string",
                    "propertyName": "buttonValue"
                  }
                ]
              },
              "backgroundColor": {
                "value": "#417505ff"
              },
              "customCSS": {
                "value": ".clearBk\n{\n    background-color: #FFFFFF;\n}"
              },
              "nodeTitle": {
                "value": "Request Submitted Window"
              }
            },
            "idUnique": "g6yk8ai7vx"
          },
          "position": {
            "x": 3095,
            "y": 240
          },
          "group": "nodes",
          "removed": false,
          "selected": false,
          "selectable": true,
          "locked": false,
          "grabbable": true,
          "pannable": false,
          "classes": ""
        },
        {
          "data": {
            "id": "khyf7e5qvr",
            "nodeType": "EVAL"
          },
          "position": {
            "x": 2990,
            "y": 240
          },
          "group": "nodes",
          "removed": false,
          "selected": false,
          "selectable": true,
          "locked": false,
          "grabbable": true,
          "pannable": false,
          "classes": ""
        },
        {
          "data": {
            "id": "4x5rufep7v",
            "nodeType": "CONNECTION",
            "connectionId": "867ed4363b2bc21c860085ad2baa817d",
            "connectorId": "httpConnector",
            "name": "Http",
            "label": "Http",
            "status": "configured",
            "capabilityName": "customHTMLTemplate",
            "type": "trigger",
            "properties": {
              "customHTML": {
                "value": "   <div class=\"main\" rol=\"main\">\n        <!-- BEGIN NOINDEX -->\n        <div class=\"nav-overlay\"></div>\n\n\n        <!-- END NOINDEX -->\n        <div id=\"content\" class=\"main-wrapper\">\n\n\n            <section class=\"contact-form-module\" id=\"488035845\">\n                <div class=\"content-wrapper\">\n                    <div class=\"content\">\n\n                        <br><br><br>\n                        <form id=\"frmDecision\">\n                            <center>\n                                <h3>Please select reject or approve of application</h3>\n                                <br>\n                                <br>\n                                <p>Please select reject or approve of application name\n                                    {{local.mdbi536kem.payload.output.rawResponse.body.name}} for <br> user {{local.b3ojgew0da.payload.output.matchedUser.name.given}} {{local.b3ojgew0da.payload.output.matchedUser.name.family}}\n                                </p>\n                                <div class=\"form-row\">\n                                    <div class=\"form-column full-width\">\n                                        <br>\n                                        <label for=\"enrollOption\">Approve</label>\n                                        <input type=\"radio\" name=\"adminApproval\" id=\"adminApproval\" value=\"approved\">\n                                        <br>\n                                        <label for=\"enrollOption\">Reject&nbsp;&nbsp;&nbsp;</label>\n                                        <input type=\"radio\" name=\"adminApproval\" id=\"adminApproval\" value=\"rejected\">\n                                    </div>\n\n\n                                </div>\n                                <br><br>\n                                <div class=\"form-row\">\n                                    <div class=\"form-column full-width\">\n                                        <button type=\"submit\" class=\"btn btn-primary\" data-skcomponent=\"skbutton\" data-skbuttontype=\"form-submit\" data-skform=\"frmDecision\">Submit</button>\n                                \n                                    </div>\n                                </div>\n                            </center>\n                        </form>\n                    </div>\n                </div>\n            </section>\n        </div>\n    </div>\n"
              },
              "formFieldsList": {
                "value": [
                  {
                    "propertyName": "adminApproval",
                    "preferredControlType": "",
                    "preferredDataType": "string",
                    "value": "",
                    "hashedVisibility": false
                  },
                  {
                    "preferredControlType": "textField",
                    "preferredDataType": "string",
                    "propertyName": "buttonValue"
                  }
                ]
              },
              "backgroundColor": {
                "value": "#417505ff"
              },
              "customCSS": {},
              "nodeTitle": {
                "value": "Admin accept or reject"
              }
            },
            "idUnique": "vwp77d0cfr"
          },
          "position": {
            "x": 2615,
            "y": 450
          },
          "group": "nodes",
          "removed": false,
          "selected": false,
          "selectable": true,
          "locked": false,
          "grabbable": true,
          "pannable": false,
          "classes": ""
        },
        {
          "data": {
            "id": "dvh81oajeu",
            "nodeType": "EVAL"
          },
          "position": {
            "x": 2510,
            "y": 448
          },
          "group": "nodes",
          "removed": false,
          "selected": false,
          "selectable": true,
          "locked": false,
          "grabbable": true,
          "pannable": false,
          "classes": ""
        },
        {
          "data": {
            "id": "0a6wkqgehw",
            "nodeType": "EVAL",
            "label": "Evaluator"
          },
          "position": {
            "x": 2734,
            "y": 451.25
          },
          "group": "nodes",
          "removed": false,
          "selected": false,
          "selectable": true,
          "locked": false,
          "grabbable": true,
          "pannable": false,
          "classes": ""
        },
        {
          "data": {
            "id": "ipwzteh2wy",
            "nodeType": "CONNECTION",
            "connectionId": "77a7d563e75f8b4d28654282eaae9a68",
            "connectorId": "functionsConnector",
            "name": "Find Matching Policies",
            "label": "Functions",
            "status": "configured",
            "capabilityName": "AEqualsB",
            "type": "trigger",
            "properties": {
              "leftValueA": {
                "value": "[\n  {\n    \"children\": [\n      {\n        \"text\": \"\"\n      },\n      {\n        \"text\": \"\"\n      },\n      {\n        \"type\": \"link\",\n        \"src\": \"http.svg\",\n        \"url\": \"adminApproval\",\n        \"data\": \"{{local.4x5rufep7v.payload.output.adminApproval}}\",\n        \"tooltip\": \"{{local.4x5rufep7v.payload.output.adminApproval}}\",\n        \"children\": [\n          {\n            \"text\": \"adminApproval\"\n          }\n        ]\n      },\n      {\n        \"text\": \"\"\n      }\n    ]\n  }\n]"
              },
              "rightValueB": {
                "value": "[\n  {\n    \"children\": [\n      {\n        \"text\": \"approved\"\n      }\n    ]\n  }\n]"
              },
              "backgroundColor": {
                "value": "#f5a623ff"
              },
              "nodeTitle": {
                "value": "Admin Approve/Reject"
              }
            }
          },
          "position": {
            "x": 2855,
            "y": 450
          },
          "group": "nodes",
          "removed": false,
          "selected": false,
          "selectable": true,
          "locked": false,
          "grabbable": true,
          "pannable": false,
          "classes": ""
        },
        {
          "data": {
            "id": "4m8hs1wk6s",
            "nodeType": "EVAL"
          },
          "position": {
            "x": 2975,
            "y": 450
          },
          "group": "nodes",
          "removed": false,
          "selected": false,
          "selectable": true,
          "locked": false,
          "grabbable": true,
          "pannable": false,
          "classes": ""
        },
        {
          "data": {
            "id": "rvgeefy564",
            "nodeType": "CONNECTION",
            "connectionId": "867ed4363b2bc21c860085ad2baa817d",
            "connectorId": "httpConnector",
            "name": "Http",
            "label": "Http",
            "status": "configured",
            "capabilityName": "customHTMLTemplate",
            "type": "trigger",
            "properties": {
              "customHTML": {
                "value": "<section class=\"contact-form-module\" id=\"488035845\">\n    <div class=\"content-wrapper\">\n        <div class=\"content\">\n\n            <br><br><br>\n            <form id=\"frmDecision\">\n            <center>\n                <h3>Your selection: Approved</h3>\n        <br>\n        <br>\n           <p>User {{local.b3ojgew0da.payload.output.matchedUser.name.given}} {{local.b3ojgew0da.payload.output.matchedUser.name.family}} has been successfully added to {{local.mdbi536kem.payload.output.rawResponse.body.name}} and will be notified.</p>\n\n<br><br>\n\n            </center>\n            </form>\n        </div>\n    </div>\n</section>"
              },
              "formFieldsList": {
                "value": [
                  {
                    "propertyName": "grpSelection",
                    "preferredControlType": "",
                    "preferredDataType": "string",
                    "value": "",
                    "hashedVisibility": false
                  },
                  {
                    "preferredControlType": "textField",
                    "preferredDataType": "string",
                    "propertyName": "buttonValue"
                  }
                ]
              },
              "nodeTitle": {
                "value": "Successfully added"
              },
              "backgroundColor": {
                "value": "#417505ff"
              },
              "customCSS": {}
            },
            "idUnique": "kwrtecx7iz"
          },
          "position": {
            "x": 3577,
            "y": 450
          },
          "group": "nodes",
          "removed": false,
          "selected": false,
          "selectable": true,
          "locked": false,
          "grabbable": true,
          "pannable": false,
          "classes": ""
        },
        {
          "data": {
            "id": "qku0420mtb",
            "nodeType": "CONNECTION",
            "connectionId": "867ed4363b2bc21c860085ad2baa817d",
            "connectorId": "httpConnector",
            "name": "Http",
            "label": "Http",
            "status": "configured",
            "capabilityName": "customHTMLTemplate",
            "type": "trigger",
            "properties": {
              "customHTML": {
                "value": "<section class=\"contact-form-module\">\n    <div class=\"content-wrapper\">\n        <div class=\"content\">\n\n            <br><br><br>\n            <form id=\"frmDecision\">\n            <center>\n                <h3>Your selection: Rejected</h3>\n        <br>\n        <br>\n           <p>User {{local.b3ojgew0da.payload.output.matchedUser.name.given}} {{local.b3ojgew0da.payload.output.matchedUser.name.family}} has been rejected from the {{local.mdbi536kem.payload.output.rawResponse.body.name}} application and will be notified.</p>\n\n<br><br>\n\n            </center>\n            </form>\n        </div>\n    </div>\n</section>"
              },
              "formFieldsList": {
                "value": [
                  {
                    "propertyName": "grpSelection",
                    "preferredControlType": "",
                    "preferredDataType": "string",
                    "value": "",
                    "hashedVisibility": false
                  },
                  {
                    "preferredControlType": "textField",
                    "preferredDataType": "string",
                    "propertyName": "buttonValue"
                  }
                ]
              },
              "nodeTitle": {
                "value": "Successfully Rejected"
              },
              "backgroundColor": {
                "value": "#417505ff"
              },
              "customCSS": {}
            },
            "idUnique": "rezoad9wmt"
          },
          "position": {
            "x": 3125,
            "y": 570
          },
          "group": "nodes",
          "removed": false,
          "selected": false,
          "selectable": true,
          "locked": false,
          "grabbable": true,
          "pannable": false,
          "classes": ""
        },
        {
          "data": {
            "id": "u1z8xd855t",
            "nodeType": "EVAL",
            "properties": {
              "qku0420mtb": {
                "value": "allTriggersFalse"
              }
            }
          },
          "position": {
            "x": 2990,
            "y": 510
          },
          "group": "nodes",
          "removed": false,
          "selected": false,
          "selectable": true,
          "locked": false,
          "grabbable": true,
          "pannable": false,
          "classes": ""
        },
        {
          "data": {
            "id": "tmtbk0x22h",
            "nodeType": "CONNECTION",
            "connectionId": "867ed4363b2bc21c860085ad2baa817d",
            "connectorId": "httpConnector",
            "name": "Http",
            "label": "httpConnector",
            "status": "configured",
            "capabilityName": "makeRestApiCall",
            "type": "trigger",
            "properties": {
              "url": {
                "value": "[\n  {\n    \"children\": [\n      {\n        \"text\": \"https://auth.pingone.com/\"\n      },\n      {\n        \"text\": \"\"\n      },\n      {\n        \"type\": \"link\",\n        \"src\": \"variable.svg\",\n        \"url\": \"PingOneEnvID\",\n        \"data\": \"{{global.variables.PingOneEnvID}}\",\n        \"tooltip\": \"{{global.variables.PingOneEnvID}}\",\n        \"children\": [\n          {\n            \"text\": \"PingOneEnvID\"\n          }\n        ]\n      },\n      {\n        \"text\": \"\"\n      },\n      {\n        \"text\": \"/\"\n      },\n      {\n        \"text\": \"\"\n      },\n      {\n        \"text\": \"\"\n      },\n      {\n        \"text\": \"as/userinfo\"\n      },\n      {\n        \"text\": \"\"\n      },\n      {\n        \"text\": \"\"\n      },\n      {\n        \"text\": \"\"\n      }\n    ]\n  }\n]"
              },
              "headers": {
                "value": [
                  {
                    "key": "Authorization",
                    "value": "[\n  {\n    \"children\": [\n      {\n        \"text\": \"Bearer \"\n      },\n      {\n        \"text\": \"\"\n      },\n      {\n        \"type\": \"link\",\n        \"src\": \"auth.svg\",\n        \"url\": \"accessToken\",\n        \"data\": \"{{global.parameters.accessToken}}\",\n        \"tooltip\": \"{{global.parameters.accessToken}}\",\n        \"children\": [\n          {\n            \"text\": \"accessToken\"\n          }\n        ]\n      },\n      {\n        \"text\": \"\"\n      }\n    ]\n  }\n]"
                  },
                  {
                    "key": "accept",
                    "value": "[\n  {\n    \"children\": [\n      {\n        \"text\": \"*/*\"\n      }\n    ]\n  }\n]"
                  },
                  {
                    "key": "content-type",
                    "value": "[\n  {\n    \"children\": [\n      {\n        \"text\": \"application/json\"\n      }\n    ]\n  }\n]"
                  }
                ]
              },
              "httpBody": {
                "value": "none"
              },
              "httpMethod": {
                "value": "POST"
              },
              "contentType": {
                "value": "application/json"
              },
              "raw": {},
              "backgroundColor": {
                "value": "#4a90e2ff"
              },
              "nodeTitle": {
                "value": "GetUserFromToken"
              }
            },
            "idUnique": "5gi5vk57dd"
          },
          "position": {
            "x": 674,
            "y": 390
          },
          "group": "nodes",
          "removed": false,
          "selected": false,
          "selectable": true,
          "locked": false,
          "grabbable": true,
          "pannable": false,
          "classes": ""
        },
        {
          "data": {
            "id": "eyduiwbkqc",
            "nodeType": "CONNECTION",
            "connectionId": "94141bf2f1b9b59a5f5365ff135e02bb",
            "connectorId": "pingOneSSOConnector",
            "name": "PingOne",
            "label": "PingOne - AdvDemoEnv",
            "status": "configured",
            "idUnique": "l7t7okcoyp",
            "capabilityName": "readUserGroupMemberships",
            "type": "action",
            "properties": {
              "identifier": {
                "value": "[\n  {\n    \"children\": [\n      {\n        \"text\": \"\"\n      },\n      {\n        \"text\": \"\"\n      },\n      {\n        \"type\": \"moustache\",\n        \"data\": \"{{local.tmtbk0x22h.payload.output.rawResponse.body.sub}}\",\n        \"name\": \"sub\",\n        \"children\": [\n          {\n            \"text\": \"\"\n          }\n        ]\n      },\n      {\n        \"text\": \"\"\n      }\n    ]\n  }\n]"
              },
              "matchAttribute": {
                "value": "username"
              }
            }
          },
          "position": {
            "x": 1641,
            "y": 390
          },
          "group": "nodes",
          "removed": false,
          "selected": false,
          "selectable": true,
          "locked": false,
          "grabbable": true,
          "pannable": false,
          "classes": ""
        },
        {
          "data": {
            "id": "09zb9f42hx",
            "nodeType": "EVAL"
          },
          "position": {
            "x": 1756.5,
            "y": 386
          },
          "group": "nodes",
          "removed": false,
          "selected": false,
          "selectable": true,
          "locked": false,
          "grabbable": true,
          "pannable": false,
          "classes": ""
        },
        {
          "data": {
            "id": "00lyhlxck7",
            "nodeType": "EVAL"
          },
          "position": {
            "x": 1521,
            "y": 390
          },
          "group": "nodes",
          "removed": false,
          "selected": false,
          "selectable": true,
          "locked": false,
          "grabbable": true,
          "pannable": false,
          "classes": ""
        },
        {
          "data": {
            "id": "65pi0bxsxr",
            "nodeType": "EVAL",
            "label": "Evaluator"
          },
          "position": {
            "x": 787,
            "y": 390
          },
          "group": "nodes",
          "removed": false,
          "selected": false,
          "selectable": true,
          "locked": false,
          "grabbable": true,
          "pannable": false,
          "classes": ""
        },
        {
          "data": {
            "id": "mky3ipnvhd",
            "nodeType": "EVAL"
          },
          "position": {
            "x": 3231,
            "y": 450
          },
          "group": "nodes",
          "removed": false,
          "selected": false,
          "selectable": true,
          "locked": false,
          "grabbable": true,
          "pannable": false,
          "classes": ""
        },
        {
          "data": {
            "id": "ffhu8vl4f3",
            "nodeType": "EVAL"
          },
          "position": {
            "x": 3457,
            "y": 450
          },
          "group": "nodes",
          "removed": false,
          "selected": false,
          "selectable": true,
          "locked": false,
          "grabbable": true,
          "pannable": false,
          "classes": ""
        },
        {
          "data": {
            "id": "a6g2e5m3zo",
            "nodeType": "CONNECTION",
            "connectionId": "59ce2eddc70126edfa694d3fba66b27f",
            "connectorId": "notificationsConnector",
            "name": "PingOne Notifications",
            "label": "PingOne Notifications",
            "status": "configured",
            "capabilityName": "sendEmail",
            "type": "action",
            "properties": {
              "templateVariant": {
                "value": "enterCustomValue"
              },
              "customTemplateVariant": {
                "value": "[\n  {\n    \"children\": [\n      {\n        \"text\": \"Davinci Notifications\"\n      }\n    ]\n  }\n]"
              },
              "templateVariables": {
                "value": [
                  {
                    "name": "Subject",
                    "preferredDataType": "string",
                    "value": "[\n  {\n    \"children\": [\n      {\n        \"text\": \"Role Approval Requested\"\n      }\n    ]\n  }\n]"
                  },
                  {
                    "name": "Body",
                    "preferredDataType": "string",
                    "value": "[\n  {\n    \"children\": [\n      {\n        \"text\": \"Dear Michael Traub, <br>\\nUser \"\n      },\n      {\n        \"text\": \"\"\n      },\n      {\n        \"type\": \"link\",\n        \"src\": \"url:b3ojgew0da\",\n        \"url\": \"given\",\n        \"data\": \"{{local.b3ojgew0da.payload.output.matchedUser.name.given}}\",\n        \"tooltip\": \"{{local.b3ojgew0da.payload.output.matchedUser.name.given}}\",\n        \"children\": [\n          {\n            \"text\": \"{{local.b3ojgew0da.payload.output.matchedUser.name.given}}\"\n          }\n        ]\n      },\n      {\n        \"text\": \"\"\n      },\n      {\n        \"text\": \" \"\n      },\n      {\n        \"text\": \"\"\n      },\n      {\n        \"type\": \"link\",\n        \"src\": \"url:b3ojgew0da\",\n        \"url\": \"family\",\n        \"data\": \"{{local.b3ojgew0da.payload.output.matchedUser.name.family}}\",\n        \"tooltip\": \"{{local.b3ojgew0da.payload.output.matchedUser.name.family}}\",\n        \"children\": [\n          {\n            \"text\": \"{{local.b3ojgew0da.payload.output.matchedUser.name.family}}\"\n          }\n        ]\n      },\n      {\n        \"text\": \"\"\n      },\n      {\n        \"text\": \" is requesting  \"\n      },\n      {\n        \"text\": \"\"\n      },\n      {\n        \"type\": \"link\",\n        \"src\": \"url:mdbi536kem\",\n        \"url\": \"name\",\n        \"data\": \"{{local.mdbi536kem.payload.output.rawResponse.body.name}}\",\n        \"tooltip\": \"{{local.mdbi536kem.payload.output.rawResponse.body.name}}\",\n        \"children\": [\n          {\n            \"text\": \"{{local.mdbi536kem.payload.output.rawResponse.body.name}}\"\n          }\n        ]\n      },\n      {\n        \"text\": \"\"\n      },\n      {\n        \"text\": \" role. Please click the link below to approve or reject this request. <br>\\n\"\n      },\n      {\n        \"text\": \"\"\n      },\n      {\n        \"type\": \"link\",\n        \"src\": \"url:vvw6ap8278\",\n        \"url\": \"continueLink\",\n        \"data\": \"{{local.vvw6ap8278.payload.output.continueLink}}\",\n        \"tooltip\": \"{{local.vvw6ap8278.payload.output.continueLink}}\",\n        \"children\": [\n          {\n            \"text\": \"{{local.vvw6ap8278.payload.output.continueLink}}\"\n          }\n        ]\n      },\n      {\n        \"text\": \"\"\n      },\n      {\n        \"text\": \"\\n<br>\\n<br>\\nYour application team.\"\n      }\n    ]\n  }\n]"
                  }
                ]
              },
              "userId": {
                "value": "[\n  {\n    \"children\": [\n      {\n        \"text\": \"7126f1be-f658-4361-bbba-baa4845fc498\"\n      }\n    ]\n  }\n]"
              },
              "email": {
                "value": "[\n  {\n    \"children\": [\n      {\n        \"text\": \"mtraub+admin@pingidentity.com\"\n      }\n    ]\n  }\n]"
              }
            }
          },
          "position": {
            "x": 2857,
            "y": 240
          },
          "group": "nodes",
          "removed": false,
          "selected": false,
          "selectable": true,
          "locked": false,
          "grabbable": true,
          "pannable": false,
          "classes": ""
        },
        {
          "data": {
            "id": "r09cmh6tp5",
            "nodeType": "CONNECTION",
            "connectionId": "59ce2eddc70126edfa694d3fba66b27f",
            "connectorId": "notificationsConnector",
            "name": "PingOne Notifications",
            "label": "PingOne Notifications",
            "status": "configured",
            "capabilityName": "sendEmail",
            "type": "action",
            "properties": {
              "templateVariables": {
                "value": [
                  {
                    "name": "subject",
                    "preferredDataType": "string",
                    "value": "[\n  {\n    \"children\": [\n      {\n        \"text\": \"Your role request has been approved\"\n      }\n    ]\n  }\n]"
                  },
                  {
                    "name": "body",
                    "preferredDataType": "string",
                    "value": "[\n  {\n    \"children\": [\n      {\n        \"text\": \"Dear \"\n      },\n      {\n        \"text\": \"\"\n      },\n      {\n        \"type\": \"link\",\n        \"src\": \"url:b3ojgew0da\",\n        \"url\": \"given\",\n        \"data\": \"{{local.b3ojgew0da.payload.output.matchedUser.name.given}}\",\n        \"tooltip\": \"{{local.b3ojgew0da.payload.output.matchedUser.name.given}}\",\n        \"children\": [\n          {\n            \"text\": \"{{local.b3ojgew0da.payload.output.matchedUser.name.given}}\"\n          }\n        ]\n      },\n      {\n        \"text\": \"\"\n      },\n      {\n        \"text\": \" \"\n      },\n      {\n        \"text\": \"\"\n      },\n      {\n        \"type\": \"link\",\n        \"src\": \"url:b3ojgew0da\",\n        \"url\": \"family\",\n        \"data\": \"{{local.b3ojgew0da.payload.output.matchedUser.name.family}}\",\n        \"tooltip\": \"{{local.b3ojgew0da.payload.output.matchedUser.name.family}}\",\n        \"children\": [\n          {\n            \"text\": \"{{local.b3ojgew0da.payload.output.matchedUser.name.family}}\"\n          }\n        ]\n      },\n      {\n        \"text\": \"\"\n      },\n      {\n        \"text\": \", <br>\\nYour request for \"\n      },\n      {\n        \"text\": \"\"\n      },\n      {\n        \"type\": \"link\",\n        \"src\": \"url:mdbi536kem\",\n        \"url\": \"name\",\n        \"data\": \"{{local.mdbi536kem.payload.output.rawResponse.body.name}}\",\n        \"tooltip\": \"{{local.mdbi536kem.payload.output.rawResponse.body.name}}\",\n        \"children\": [\n          {\n            \"text\": \"{{local.mdbi536kem.payload.output.rawResponse.body.name}}\"\n          }\n        ]\n      },\n      {\n        \"text\": \"\"\n      },\n      {\n        \"text\": \" has been approved. You may now access resources associated with this role. If you have any questions or issues, please contact us. <br>\\n<br>\\n<br>\\nYour application team.\"\n      }\n    ]\n  }\n]"
                  }
                ]
              },
              "userId": {
                "value": "[\n  {\n    \"children\": [\n      {\n        \"text\": \"\"\n      },\n      {\n        \"text\": \"\"\n      },\n      {\n        \"type\": \"link\",\n        \"src\": \"pingIdentity.svg\",\n        \"url\": \"id\",\n        \"data\": \"{{local.b3ojgew0da.payload.output.matchedUser.id}}\",\n        \"tooltip\": \"{{local.b3ojgew0da.payload.output.matchedUser.id}}\",\n        \"children\": [\n          {\n            \"text\": \"id\"\n          }\n        ]\n      },\n      {\n        \"text\": \"\"\n      }\n    ]\n  }\n]"
              },
              "email": {
                "value": "[\n  {\n    \"children\": [\n      {\n        \"text\": \"\"\n      },\n      {\n        \"text\": \"\"\n      },\n      {\n        \"type\": \"link\",\n        \"src\": \"pingIdentity.svg\",\n        \"url\": \"email\",\n        \"data\": \"{{local.b3ojgew0da.payload.output.matchedUser.email}}\",\n        \"tooltip\": \"{{local.b3ojgew0da.payload.output.matchedUser.email}}\",\n        \"children\": [\n          {\n            \"text\": \"email\"\n          }\n        ]\n      },\n      {\n        \"text\": \"\"\n      }\n    ]\n  }\n]"
              },
              "templateVariant": {
                "value": "enterCustomValue"
              },
              "customTemplateVariant": {
                "value": "[\n  {\n    \"children\": [\n      {\n        \"text\": \"Davinci Notifications\"\n      }\n    ]\n  }\n]"
              }
            }
          },
          "position": {
            "x": 3337,
            "y": 450
          },
          "group": "nodes",
          "removed": false,
          "selected": false,
          "selectable": true,
          "locked": false,
          "grabbable": true,
          "pannable": false,
          "classes": ""
        },
        {
          "data": {
            "id": "4ebo6i169e",
            "nodeType": "CONNECTION",
            "connectionId": "77a7d563e75f8b4d28654282eaae9a68",
            "connectorId": "functionsConnector",
            "name": "Find Matching Policies",
            "label": "Functions",
            "status": "configured",
            "capabilityName": "customFunction",
            "type": "trigger",
            "properties": {
              "nodeTitle": {
                "value": "Encode Basic Credentials"
              },
              "nodeDescription": {
                "value": "Base64 encode clientId:clientSecret"
              },
              "outputSchema": {
                "value": "{\n\t\"output\": {\n\t\t\"type\": \"object\",\n\t\t\"properties\": {\n\t\t\t\"encodedCredentials\": {\n\t\t\t\t\"type\": \"string\"\n\t\t\t}\n\t\t}\n\t}\n}"
              },
              "variableInputList": {
                "value": [
                  {
                    "name": "clientId",
                    "preferredDataType": "string",
                    "value": "[\n  {\n    \"children\": [\n      {\n        \"text\": \"\"\n      },\n      {\n        \"text\": \"\"\n      },\n      {\n        \"type\": \"link\",\n        \"src\": \"variable.svg\",\n        \"url\": \"clientID\",\n        \"data\": \"{{global.variables.clientID}}\",\n        \"tooltip\": \"{{global.variables.clientID}}\",\n        \"children\": [\n          {\n            \"text\": \"clientID\"\n          }\n        ]\n      },\n      {\n        \"text\": \"\"\n      }\n    ]\n  }\n]"
                  },
                  {
                    "name": "clientSecret",
                    "preferredDataType": "string",
                    "value": "[\n  {\n    \"children\": [\n      {\n        \"text\": \"\"\n      },\n      {\n        \"text\": \"\"\n      },\n      {\n        \"type\": \"link\",\n        \"src\": \"variable.svg\",\n        \"url\": \"clientSecret\",\n        \"data\": \"{{global.variables.clientSecret}}\",\n        \"tooltip\": \"{{global.variables.clientSecret}}\",\n        \"children\": [\n          {\n            \"text\": \"clientSecret\"\n          }\n        ]\n      },\n      {\n        \"text\": \"\"\n      }\n    ]\n  }\n]"
                  }
                ]
              },
              "code": {
                "value": "/**\n * Encode basic credentials\n * @param {string} clientId - The client Id to encode\n * @param {string} clientSecret - The client secret to encode\n * @returns {string} base64 encoded clientId:clientSecret\n */\nmodule.exports = a = async ({ params }) => {\n  const clientId = params.clientId;\n  const clientSecret = params.clientSecret;\n\n  // If either value is missing, return an error\n  if (!clientId || !clientSecret) {\n    return false;\n  }\n\n  const encodedCredentials = new Buffer(clientId + \":\" + clientSecret).toString(\"base64\");\n\n  return { 'encodedCredentials': encodedCredentials }\n}"
              }
            },
            "idUnique": "21gisu4zae"
          },
          "position": {
            "x": 457,
            "y": 390
          },
          "group": "nodes",
          "removed": false,
          "selected": false,
          "selectable": true,
          "locked": false,
          "grabbable": true,
          "pannable": false,
          "classes": ""
        },
        {
          "data": {
            "id": "4fvjyjxb9b",
            "nodeType": "EVAL"
          },
          "position": {
            "x": 565.5,
            "y": 390
          },
          "group": "nodes",
          "removed": false,
          "selected": false,
          "selectable": true,
          "locked": false,
          "grabbable": true,
          "pannable": false,
          "classes": ""
        },
        {
          "data": {
            "id": "cwgjoa3bd7",
            "nodeType": "EVAL"
          },
          "position": {
            "x": 367,
            "y": 390
          },
          "group": "nodes",
          "removed": false,
          "selected": false,
          "selectable": true,
          "locked": false,
          "grabbable": true,
          "pannable": false,
          "classes": ""
        },
        {
          "data": {
            "id": "rs7b478zcn",
            "nodeType": "ANNOTATION",
            "name": "Annotation",
            "connectionId": "921bfae85c38ed45045e07be703d86b8",
            "connectorId": "annotationConnector",
            "capabilityName": "updateAnnotationProperties",
            "type": "action",
            "properties": {
              "backgroundColor": {
                "value": "#113248ff"
              },
              "annotationTextColor": {
                "value": "#ffffffff"
              },
              "fontFamily": {
                "value": "arial"
              },
              "annotation": {
                "value": "MJT - User approval flow. User picks a role and request approval"
              }
            },
            "status": "configured"
          },
          "position": {
            "x": 1260,
            "y": 120
          },
          "group": "nodes",
          "removed": false,
          "selected": false,
          "selectable": true,
          "locked": false,
          "grabbable": true,
          "pannable": false,
          "classes": ""
        }
      ],
      "edges": [
        {
          "data": {
            "id": "b3hiutill8",
            "source": "rrovdg9je",
            "target": "mky3ipnvhd"
          },
          "position": {
            "x": 0,
            "y": 0
          },
          "group": "edges",
          "removed": false,
          "selected": false,
          "selectable": true,
          "locked": false,
          "grabbable": true,
          "pannable": true,
          "classes": ""
        },
        {
          "data": {
            "id": "pbigcv6fj5",
            "source": "mky3ipnvhd",
            "target": "r09cmh6tp5"
          },
          "position": {
            "x": 0,
            "y": 0
          },
          "group": "edges",
          "removed": false,
          "selected": false,
          "selectable": true,
          "locked": false,
          "grabbable": true,
          "pannable": true,
          "classes": ""
        },
        {
          "data": {
            "id": "ml82xi7slj",
            "source": "a6g2e5m3zo",
            "target": "khyf7e5qvr"
          },
          "position": {
            "x": 0,
            "y": 0
          },
          "group": "edges",
          "removed": false,
          "selected": false,
          "selectable": true,
          "locked": false,
          "grabbable": true,
          "pannable": true,
          "classes": ""
        },
        {
          "data": {
            "id": "5x3bxurj7o",
            "source": "3ynmutctq6",
            "target": "gxtknf6con"
          },
          "position": {
            "x": 0,
            "y": 0
          },
          "group": "edges",
          "removed": false,
          "selected": false,
          "selectable": true,
          "locked": false,
          "grabbable": true,
          "pannable": true,
          "classes": ""
        },
        {
          "data": {
            "id": "zls9m6x5cz",
            "source": "ffhu8vl4f3",
            "target": "rvgeefy564"
          },
          "position": {
            "x": 0,
            "y": 0
          },
          "group": "edges",
          "removed": false,
          "selected": false,
          "selectable": true,
          "locked": false,
          "grabbable": true,
          "pannable": true,
          "classes": ""
        },
        {
          "data": {
            "id": "xhrrsd520x",
            "source": "65pi0bxsxr",
            "target": "b3ojgew0da"
          },
          "position": {
            "x": 0,
            "y": 0
          },
          "group": "edges",
          "removed": false,
          "selected": false,
          "selectable": true,
          "locked": false,
          "grabbable": true,
          "pannable": true,
          "classes": ""
        },
        {
          "data": {
            "id": "24ze9xjs3n",
            "source": "khyf7e5qvr",
            "target": "olam2b2qow"
          },
          "position": {
            "x": 0,
            "y": 0
          },
          "group": "edges",
          "removed": false,
          "selected": false,
          "selectable": true,
          "locked": false,
          "grabbable": true,
          "pannable": true,
          "classes": ""
        },
        {
          "data": {
            "id": "8l1z6o6rqa",
            "source": "tmtbk0x22h",
            "target": "65pi0bxsxr"
          },
          "position": {
            "x": 0,
            "y": 0
          },
          "group": "edges",
          "removed": false,
          "selected": false,
          "selectable": true,
          "locked": false,
          "grabbable": true,
          "pannable": true,
          "classes": ""
        },
        {
          "data": {
            "id": "7gr3ne68gi",
            "source": "eyduiwbkqc",
            "target": "09zb9f42hx"
          },
          "position": {
            "x": 0,
            "y": 0
          },
          "group": "edges",
          "removed": false,
          "selected": false,
          "selectable": true,
          "locked": false,
          "grabbable": true,
          "pannable": true,
          "classes": ""
        },
        {
          "data": {
            "id": "ipf9av2moc",
            "source": "09zb9f42hx",
            "target": "g706sk6u"
          },
          "position": {
            "x": 0,
            "y": 0
          },
          "group": "edges",
          "removed": false,
          "selected": false,
          "selectable": true,
          "locked": false,
          "grabbable": true,
          "pannable": true,
          "classes": ""
        },
        {
          "data": {
            "id": "rsmcbr0gjg",
            "source": "r09cmh6tp5",
            "target": "ffhu8vl4f3"
          },
          "position": {
            "x": 0,
            "y": 0
          },
          "group": "edges",
          "removed": false,
          "selected": false,
          "selectable": true,
          "locked": false,
          "grabbable": true,
          "pannable": true,
          "classes": ""
        },
        {
          "data": {
            "id": "l5alxme4z7",
            "source": "2ik05x6hem",
            "target": "00lyhlxck7"
          },
          "position": {
            "x": 0,
            "y": 0
          },
          "group": "edges",
          "removed": false,
          "selected": false,
          "selectable": true,
          "locked": false,
          "grabbable": true,
          "pannable": true,
          "classes": ""
        },
        {
          "data": {
            "id": "09mifm7nxb",
            "source": "vvw6ap8278",
            "target": "ztpv90t153"
          },
          "position": {
            "x": 0,
            "y": 0
          },
          "group": "edges",
          "removed": false,
          "selected": false,
          "selectable": true,
          "locked": false,
          "grabbable": true,
          "pannable": true,
          "classes": ""
        },
        {
          "data": {
            "id": "9kp0vu8uix",
            "source": "ipwzteh2wy",
            "target": "u1z8xd855t"
          },
          "position": {
            "x": 0,
            "y": 0
          },
          "group": "edges",
          "removed": false,
          "selected": false,
          "selectable": true,
          "locked": false,
          "grabbable": true,
          "pannable": true,
          "classes": ""
        },
        {
          "data": {
            "id": "ii7yec1kpa",
            "source": "gxtknf6con",
            "target": "vvw6ap8278"
          },
          "position": {
            "x": 0,
            "y": 0
          },
          "group": "edges",
          "removed": false,
          "selected": false,
          "selectable": true,
          "locked": false,
          "grabbable": true,
          "pannable": true,
          "classes": ""
        },
        {
          "data": {
            "id": "p36n8yo2z7",
            "source": "4x5rufep7v",
            "target": "0a6wkqgehw"
          },
          "position": {
            "x": 0,
            "y": 0
          },
          "group": "edges",
          "removed": false,
          "selected": false,
          "selectable": true,
          "locked": false,
          "grabbable": true,
          "pannable": true,
          "classes": ""
        },
        {
          "data": {
            "id": "xhc0dec1rb",
            "source": "0a6wkqgehw",
            "target": "ipwzteh2wy"
          },
          "position": {
            "x": 0,
            "y": 0
          },
          "group": "edges",
          "removed": false,
          "selected": false,
          "selectable": true,
          "locked": false,
          "grabbable": true,
          "pannable": true,
          "classes": ""
        },
        {
          "data": {
            "id": "r0muts9ogr",
            "source": "ni8zd88bk0",
            "target": "a6g2e5m3zo"
          },
          "position": {
            "x": 0,
            "y": 0
          },
          "group": "edges",
          "removed": false,
          "selected": false,
          "selectable": true,
          "locked": false,
          "grabbable": true,
          "pannable": true,
          "classes": ""
        },
        {
          "data": {
            "id": "m9neta76wa",
            "source": "mdbi536kem",
            "target": "ni8zd88bk0"
          },
          "position": {
            "x": 0,
            "y": 0
          },
          "group": "edges",
          "removed": false,
          "selected": false,
          "selectable": true,
          "locked": false,
          "grabbable": true,
          "pannable": true,
          "classes": ""
        },
        {
          "data": {
            "id": "rgsoedi44r",
            "source": "ztpv90t153",
            "target": "mdbi536kem"
          },
          "position": {
            "x": 0,
            "y": 0
          },
          "group": "edges",
          "removed": false,
          "selected": false,
          "selectable": true,
          "locked": false,
          "grabbable": true,
          "pannable": true,
          "classes": ""
        },
        {
          "data": {
            "id": "rxxfmtq9on",
            "source": "ipwzteh2wy",
            "target": "4m8hs1wk6s"
          },
          "position": {
            "x": 0,
            "y": 0
          },
          "group": "edges",
          "removed": false,
          "selected": false,
          "selectable": true,
          "locked": false,
          "grabbable": true,
          "pannable": true,
          "classes": ""
        },
        {
          "data": {
            "id": "81xlisgx8p",
            "source": "wmpb9c18hn",
            "target": "3ynmutctq6"
          },
          "position": {
            "x": 0,
            "y": 0
          },
          "group": "edges",
          "removed": false,
          "selected": false,
          "selectable": true,
          "locked": false,
          "grabbable": true,
          "pannable": true,
          "classes": ""
        },
        {
          "data": {
            "id": "81gb8lhwtg",
            "source": "00lyhlxck7",
            "target": "eyduiwbkqc"
          },
          "position": {
            "x": 0,
            "y": 0
          },
          "group": "edges",
          "removed": false,
          "selected": false,
          "selectable": true,
          "locked": false,
          "grabbable": true,
          "pannable": true,
          "classes": ""
        },
        {
          "data": {
            "id": "dc1pv0i6oh",
            "source": "u1z8xd855t",
            "target": "qku0420mtb"
          },
          "position": {
            "x": 0,
            "y": 0
          },
          "group": "edges",
          "removed": false,
          "selected": false,
          "selectable": true,
          "locked": false,
          "grabbable": true,
          "pannable": true,
          "classes": ""
        },
        {
          "data": {
            "id": "y303l62j2b",
            "source": "d6ik9dgw4v",
            "target": "dvh81oajeu"
          },
          "position": {
            "x": 0,
            "y": 0
          },
          "group": "edges",
          "removed": false,
          "selected": false,
          "selectable": true,
          "locked": false,
          "grabbable": true,
          "pannable": true,
          "classes": ""
        },
        {
          "data": {
            "id": "v23gspyc0a",
            "source": "b3ojgew0da",
            "target": "9h716hlpgj"
          },
          "position": {
            "x": 0,
            "y": 0
          },
          "group": "edges",
          "removed": false,
          "selected": false,
          "selectable": true,
          "locked": false,
          "grabbable": true,
          "pannable": true,
          "classes": ""
        },
        {
          "data": {
            "id": "1sz73f0g1s",
            "source": "9h716hlpgj",
            "target": "pjj3b8anoi"
          },
          "position": {
            "x": 0,
            "y": 0
          },
          "group": "edges",
          "removed": false,
          "selected": false,
          "selectable": true,
          "locked": false,
          "grabbable": true,
          "pannable": true,
          "classes": ""
        },
        {
          "data": {
            "id": "zzylfgwj7d",
            "source": "dvh81oajeu",
            "target": "4x5rufep7v"
          },
          "position": {
            "x": 0,
            "y": 0
          },
          "group": "edges",
          "removed": false,
          "selected": false,
          "selectable": true,
          "locked": false,
          "grabbable": true,
          "pannable": true,
          "classes": ""
        },
        {
          "data": {
            "id": "ytgp7bqxdc",
            "source": "pjj3b8anoi",
            "target": "rib6bi47l2"
          },
          "position": {
            "x": 0,
            "y": 0
          },
          "group": "edges",
          "removed": false,
          "selected": false,
          "selectable": true,
          "locked": false,
          "grabbable": true,
          "pannable": true,
          "classes": ""
        },
        {
          "data": {
            "id": "7kkbtero2e",
            "source": "rib6bi47l2",
            "target": "2ik05x6hem"
          },
          "position": {
            "x": 0,
            "y": 0
          },
          "group": "edges",
          "removed": false,
          "selected": false,
          "selectable": true,
          "locked": false,
          "grabbable": true,
          "pannable": true,
          "classes": ""
        },
        {
          "data": {
            "id": "5vi4e7h16c",
            "source": "gxtknf6con",
            "target": "d6ik9dgw4v"
          },
          "position": {
            "x": 0,
            "y": 0
          },
          "group": "edges",
          "removed": false,
          "selected": false,
          "selectable": true,
          "locked": false,
          "grabbable": true,
          "pannable": true,
          "classes": ""
        },
        {
          "data": {
            "id": "9va52bhnho",
            "source": "g706sk6u",
            "target": "wmpb9c18hn"
          },
          "position": {
            "x": 0,
            "y": 0
          },
          "group": "edges",
          "removed": false,
          "selected": false,
          "selectable": true,
          "locked": false,
          "grabbable": true,
          "pannable": true,
          "classes": ""
        },
        {
          "data": {
            "id": "ksevgvgwwg",
            "source": "4m8hs1wk6s",
            "target": "rrovdg9je"
          },
          "position": {
            "x": 0,
            "y": 0
          },
          "group": "edges",
          "removed": false,
          "selected": false,
          "selectable": true,
          "locked": false,
          "grabbable": true,
          "pannable": true,
          "classes": ""
        },
        {
          "data": {
            "id": "y60edf7o3z",
            "source": "4ebo6i169e",
            "target": "4fvjyjxb9b"
          },
          "position": {
            "x": 0,
            "y": 0
          },
          "group": "edges",
          "removed": false,
          "selected": false,
          "selectable": true,
          "locked": false,
          "grabbable": true,
          "pannable": true,
          "classes": ""
        },
        {
          "data": {
            "id": "9907ar2iab",
            "source": "4fvjyjxb9b",
            "target": "tmtbk0x22h"
          },
          "position": {
            "x": 0,
            "y": 0
          },
          "group": "edges",
          "removed": false,
          "selected": false,
          "selectable": true,
          "locked": false,
          "grabbable": true,
          "pannable": true,
          "classes": ""
        },
        {
          "data": {
            "id": "xhu9uzs80c",
            "source": "n31dkbvd94",
            "target": "cwgjoa3bd7"
          },
          "position": {
            "x": 0,
            "y": 0
          },
          "group": "edges",
          "removed": false,
          "selected": false,
          "selectable": true,
          "locked": false,
          "grabbable": true,
          "pannable": true,
          "classes": ""
        },
        {
          "data": {
            "id": "5kumawtvhu",
            "source": "cwgjoa3bd7",
            "target": "4ebo6i169e"
          },
          "position": {
            "x": 0,
            "y": 0
          },
          "group": "edges",
          "removed": false,
          "selected": false,
          "selectable": true,
          "locked": false,
          "grabbable": true,
          "pannable": true,
          "classes": ""
        }
      ]
    },
    "data": {},
    "zoomingEnabled": true,
    "userZoomingEnabled": true,
    "zoom": 1,
    "minZoom": 1e-50,
    "maxZoom": 1e+50,
    "panningEnabled": true,
    "userPanningEnabled": true,
    "pan": {
      "x": 0,
      "y": 0
    },
    "boxSelectionEnabled": true,
    "renderer": {
      "name": "null"
    }
  },
  "inputSchema": [
    {
      "propertyName": "accessToken",
      "description": "",
      "preferredDataType": "string",
      "preferredControlType": "textField",
      "isExpanded": true
    },
    {
      "propertyName": "companyName",
      "description": "",
      "preferredDataType": "string",
      "preferredControlType": "textField",
      "isExpanded": true
    }
  ],
  "flowColor": "#E3F0FF",
  "savedDate": 1706887099040,
  "variables": [
    {
      "context": "flowInstance",
      "createdDate": 1696517506568,
      "fields": {
        "type": "string",
        "displayName": "",
        "min": 0,
        "max": 2000
      },
      "id": "7d6a3bcb-9b2d-4a34-953b-a40e819ddacc",
      "type": "property",
      "visibility": "private",
      "name": "AppicationsGroupID##SK##flowInstance",
      "companyId": "4841502d-59b4-443d-8fa9-861cd2a056b0"
    },
    {
      "context": "flowInstance",
      "createdDate": 1696517506568,
      "fields": {
        "type": "string",
        "displayName": "",
        "min": 0,
        "max": 2000
      },
      "id": "56c44619-053a-46a0-80e2-50bdd3a9dbe6",
      "type": "property",
      "visibility": "private",
      "name": "PingOneEnvID##SK##flowInstance",
      "companyId": "4841502d-59b4-443d-8fa9-861cd2a056b0"
    },
    {
      "context": "flowInstance",
      "createdDate": 1696517506567,
      "fields": {
        "type": "string",
        "displayName": "",
        "mutable": true,
        "min": 0,
        "max": 2000
      },
      "id": "6a0fcbd4-57a3-4485-a597-06aa791155b5",
      "type": "property",
      "visibility": "private",
      "name": "clientID##SK##flowInstance",
      "companyId": "4841502d-59b4-443d-8fa9-861cd2a056b0"
    },
    {
      "context": "flowInstance",
      "createdDate": 1696517506569,
      "fields": {
        "type": "string",
        "displayName": "",
        "mutable": true,
        "min": 0,
        "max": 2000
      },
      "id": "538aa084-4e2e-4583-a3cd-ce44b76ffb2e",
      "type": "property",
      "visibility": "private",
      "name": "clientSecret##SK##flowInstance",
      "companyId": "4841502d-59b4-443d-8fa9-861cd2a056b0"
    }
  ],
  "connections": []
}