{
  "companyId": "4841502d-59b4-443d-8fa9-861cd2a056b0",
  "authTokenExpireIds": [],
  "connectorIds": [
    "pingOneSSOConnector",
    "errorConnector",
    "functionsConnector",
    "variablesConnector",
    "skOpenIdConnector",
    "httpConnector",
    "pingOneAuthorizeConnector",
    "annotationConnector"
  ],
  "createdDate": 1697056831641,
  "currentVersion": 167,
  "customerId": "fbb2a61aa0ded55d8ccd4e85b50ac80a",
  "deployedDate": 1697056833163,
  "description": "Imported on Tue Aug 15 2023 19:58:23 GMT+0000 (Coordinated Universal Time)",
  "flowStatus": "enabled",
  "isOutputSchemaSaved": false,
  "name": "Fixedup-PolicyLookup",
  "publishedVersion": 167,
  "settings": {
    "csp": "worker-src 'self' blob:; script-src 'self' https://cdn.jsdelivr.net https://code.jquery.com https://devsdk.singularkey.com http://cdnjs.cloudflare.com 'unsafe-inline' 'unsafe-eval';",
    "intermediateLoadingScreenCSS": "",
    "intermediateLoadingScreenHTML": "",
    "debugMode": true,
    "cssLinks": [
      "https://assets.pingone.com/ux/end-user/1.7.0/end-user.css"
    ],
    "useCustomCSS": true,
    "css": "body, .page {\n  background-color: #ededed !important;\n}\n\n.buttonLink {\n  background: none !important;\n  border: none;\n  cursor: pointer;\n  color: #2996cc;\n  font-size: 15px;\n}",
    "logLevel": 3
  },
  "timeouts": "null",
  "updatedDate": 1697056833202,
  "flowId": "386c27f2aaf37f17d0790e9114b207e0",
  "versionId": 167,
  "graphData": {
    "elements": {
      "nodes": [
        {
          "data": {
            "id": "icv9ot1nro",
            "nodeType": "CONNECTION",
            "connectionId": "94141bf2f1b9b59a5f5365ff135e02bb",
            "connectorId": "pingOneSSOConnector",
            "name": "PingOne",
            "label": "PingOne SSO",
            "status": "configured",
            "capabilityName": "userLookup",
            "type": "action",
            "properties": {
              "identifier": {
                "value": "[\n  {\n    \"children\": [\n      {\n        \"text\": \"\"\n      },\n      {\n        \"text\": \"\"\n      },\n      {\n        \"text\": \"\"\n      },\n      {\n        \"type\": \"link\",\n        \"src\": \"http.svg\",\n        \"url\": \"username\",\n        \"data\": \"{{local.howu8n9hsc.payload.output.username}}\",\n        \"tooltip\": \"{{local.howu8n9hsc.payload.output.username}}\",\n        \"children\": [\n          {\n            \"text\": \"username\"\n          }\n        ]\n      },\n      {\n        \"text\": \"\"\n      }\n    ]\n  }\n]"
              },
              "matchAttributes": {
                "value": [
                  "username"
                ]
              },
              "nodeTitle": {
                "value": "User Lookup"
              },
              "userLookup_localizedErrors": {
                "properties": {
                  "en": {
                    "value": []
                  }
                }
              },
              "userIdentifierForFindUser": {
                "value": "[\n  {\n    \"children\": [\n      {\n        \"text\": \"\"\n      },\n      {\n        \"text\": \"\"\n      },\n      {\n        \"type\": \"link\",\n        \"src\": \"http.svg\",\n        \"url\": \"username\",\n        \"data\": \"{{local.howu8n9hsc.payload.output.username}}\",\n        \"tooltip\": \"{{local.howu8n9hsc.payload.output.username}}\",\n        \"children\": [\n          {\n            \"text\": \"username\"\n          }\n        ]\n      },\n      {\n        \"text\": \"\"\n      }\n    ]\n  }\n]"
              }
            },
            "idUnique": "bx1c4yd3j7"
          },
          "position": {
            "x": 1177,
            "y": 317.852851037705
          },
          "group": "nodes",
          "removed": false,
          "selected": false,
          "selectable": true,
          "locked": false,
          "grabbable": true,
          "pannable": false,
          "classes": ""
        },
        {
          "data": {
            "id": "0mkskx7cez",
            "nodeType": "CONNECTION",
            "connectionId": "6d8f6f706c45fd459a86b3f092602544",
            "connectorId": "errorConnector",
            "name": "Error Customize",
            "label": "Error Customize",
            "status": "configured",
            "capabilityName": "customErrorMessage",
            "type": "action",
            "properties": {
              "errorMessage": {
                "value": "[\n  {\n    \"children\": [\n      {\n        \"text\": \"An unexpected error has occurred\"\n      }\n    ]\n  }\n]"
              },
              "nodeTitle": {
                "value": "Unexpected Error"
              }
            },
            "idUnique": "upt2qd07bj"
          },
          "position": {
            "x": 1177.8093192926221,
            "y": 637.525904304303
          },
          "group": "nodes",
          "removed": false,
          "selected": false,
          "selectable": true,
          "locked": false,
          "grabbable": true,
          "pannable": false,
          "classes": ""
        },
        {
          "data": {
            "id": "uob50pnvdv",
            "nodeType": "CONNECTION",
            "connectionId": "77a7d563e75f8b4d28654282eaae9a68",
            "connectorId": "functionsConnector",
            "name": "Find Matching Policies",
            "label": "Functions",
            "status": "configured",
            "capabilityName": "AEqualsMultipleB",
            "type": "trigger",
            "properties": {
              "leftValueA": {
                "value": "[\n  {\n    \"children\": [\n      {\n        \"text\": \"\"\n      },\n      {\n        \"text\": \"\"\n      },\n      {\n        \"type\": \"link\",\n        \"src\": \"http.svg\",\n        \"url\": \"buttonValue\",\n        \"data\": \"{{local.howu8n9hsc.payload.output.buttonValue}}\",\n        \"tooltip\": \"{{local.howu8n9hsc.payload.output.buttonValue}}\",\n        \"children\": [\n          {\n            \"text\": \"buttonValue\"\n          }\n        ]\n      },\n      {\n        \"text\": \"\"\n      }\n    ]\n  }\n]"
              },
              "rightValueB": {
                "value": "[\n  {\n    \"children\": [\n      {\n        \"text\": \"submit\"\n      }\n    ]\n  }\n]"
              },
              "nodeTitle": {
                "value": "Button Pressed?"
              },
              "rightValueMultiple": {
                "value": [
                  {
                    "value": "[\n  {\n    \"children\": [\n      {\n        \"text\": \"submit\"\n      }\n    ]\n  }\n]",
                    "id": "vgii63uk2p"
                  },
                  {
                    "value": "[\n  {\n    \"children\": [\n      {\n        \"text\": \"na\"\n      }\n    ]\n  }\n]",
                    "id": "6cdnrpc2vy"
                  }
                ]
              }
            },
            "isDisabled": false
          },
          "position": {
            "x": 877,
            "y": 317.852851037705
          },
          "group": "nodes",
          "removed": false,
          "selected": false,
          "selectable": true,
          "locked": false,
          "grabbable": true,
          "pannable": false,
          "classes": ""
        },
        {
          "data": {
            "id": "cnjk2v16y3",
            "nodeType": "EVAL"
          },
          "position": {
            "x": 727,
            "y": 317.852851037705
          },
          "group": "nodes",
          "removed": false,
          "selected": false,
          "selectable": true,
          "locked": false,
          "grabbable": true,
          "pannable": false,
          "classes": ""
        },
        {
          "data": {
            "id": "lz4v4r9c4m",
            "nodeType": "CONNECTION",
            "connectionId": "06922a684039827499bdbdd97f49827b",
            "connectorId": "variablesConnector",
            "name": "Variables",
            "label": "Variables",
            "status": "configured",
            "capabilityName": "saveValue",
            "type": "trigger",
            "properties": {
              "saveVariables": {
                "value": [
                  {
                    "name": "ignore",
                    "value": null,
                    "key": 0.1992950306394461,
                    "label": "ignore (string - flowInstance)",
                    "type": "string"
                  }
                ]
              }
            }
          },
          "position": {
            "x": 277,
            "y": 317.852851037705
          },
          "group": "nodes",
          "removed": false,
          "selected": false,
          "selectable": true,
          "locked": false,
          "grabbable": true,
          "pannable": false,
          "classes": ""
        },
        {
          "data": {
            "id": "6riic74bmg",
            "nodeType": "EVAL"
          },
          "position": {
            "x": 1027,
            "y": 317.852851037705
          },
          "group": "nodes",
          "removed": false,
          "selected": false,
          "selectable": true,
          "locked": false,
          "grabbable": true,
          "pannable": false,
          "classes": ""
        },
        {
          "data": {
            "id": "ar0n0chx6u",
            "nodeType": "EVAL"
          },
          "position": {
            "x": 1027,
            "y": 647.852851037705
          },
          "group": "nodes",
          "removed": false,
          "selected": false,
          "selectable": true,
          "locked": false,
          "grabbable": true,
          "pannable": false,
          "classes": ""
        },
        {
          "data": {
            "id": "ck1mtmjp5b",
            "nodeType": "CONNECTION",
            "connectionId": "3b55f2ca6689560c64cb5bed5afbe40f",
            "connectorId": "skOpenIdConnector",
            "name": "Token Management",
            "label": "Token Management",
            "status": "configured",
            "capabilityName": "createSessionWithCustomClaims",
            "type": "trigger",
            "properties": {
              "claimsNameValuePairsAccessToken": {
                "value": []
              },
              "claimsNameValuePairs": {
                "value": [
                  {
                    "name": "sub",
                    "value": "[\n  {\n    \"children\": [\n      {\n        \"text\": \"\"\n      },\n      {\n        \"text\": \"\"\n      },\n      {\n        \"type\": \"link\",\n        \"src\": \"pingIdentity.svg\",\n        \"url\": \"username\",\n        \"data\": \"{{local.icv9ot1nro.payload.output.matchedUser.username}}\",\n        \"tooltip\": \"{{local.icv9ot1nro.payload.output.matchedUser.username}}\",\n        \"children\": [\n          {\n            \"text\": \"username\"\n          }\n        ]\n      },\n      {\n        \"text\": \"\"\n      },\n      {\n        \"text\": \"\"\n      },\n      {\n        \"type\": \"link\",\n        \"src\": \"pingIdentity.svg\",\n        \"url\": \"username\",\n        \"data\": \"{{local.o9qu0nvyje.payload.output.matchedUser.username}}\",\n        \"tooltip\": \"{{local.o9qu0nvyje.payload.output.matchedUser.username}}\",\n        \"children\": [\n          {\n            \"text\": \"username\"\n          }\n        ]\n      },\n      {\n        \"text\": \"\"\n      }\n    ]\n  }\n]",
                    "key": 0.980538411050074,
                    "label": "Subject (string)",
                    "type": "string",
                    "nameDefault": "username"
                  }
                ]
              },
              "shadowUserNotPresentFlag": {
                "value": false
              }
            },
            "isDisabled": false
          },
          "position": {
            "x": 3510,
            "y": 321.852851037705
          },
          "group": "nodes",
          "removed": false,
          "selected": false,
          "selectable": true,
          "locked": false,
          "grabbable": true,
          "pannable": false,
          "classes": ""
        },
        {
          "data": {
            "id": "rn4x1t4mgh",
            "nodeType": "EVAL"
          },
          "position": {
            "x": 427,
            "y": 317.852851037705
          },
          "group": "nodes",
          "removed": false,
          "selected": false,
          "selectable": true,
          "locked": false,
          "grabbable": true,
          "pannable": false,
          "classes": ""
        },
        {
          "data": {
            "id": "howu8n9hsc",
            "nodeType": "CONNECTION",
            "connectionId": "867ed4363b2bc21c860085ad2baa817d",
            "connectorId": "httpConnector",
            "name": "Http",
            "label": "Http",
            "status": "configured",
            "capabilityName": "customHTMLTemplate",
            "type": "trigger",
            "properties": {
              "customHTML": {
                "value": "[\n  {\n    \"children\": [\n      {\n        \"text\": \"<div class=\\\"app-container\\\" style=\\\"display: block;\\\">\\n\\t<div class=\\\"page__content\\\" style=\\\"height: 100%;\\\">\\n\\t\\t<div class=\\\"card card--no-padding\\\">\\n\\t\\t\\t<div class=\\\"card__content\\\">\\n\\t\\t\\t\\t<div class=\\\"org-logo\\\">\\n\\t\\t\\t\\t\\t<img class=\\\"org-logo__image\\\" src=\\\"https://d3uinntk0mqu3p.cloudfront.net/branding/market/a3d073bc-3108-49ad-b96c-404bea59a1d0.png\\\" alt=\\\"Company Logo\\\" />\\n\\t\\t\\t\\t</div>\\n\\t\\t\\t\\t<div data-skcomponent=\\\"skerror\\\" class=\\\"feedback feedback--error sk-alert sk-alert-danger has-text-danger has-background-danger-light\\\" data-id=\\\"feedback\\\" data-skvisibility=\\\"\\\"></div>\\n\\t\\t\\t\\t<form class=\\\"form\\\" id='usernamePasswordForm' data-id=\\\"usernamePasswordForm\\\">\\n\\t\\t\\t\\t\\t<div class=\\\"field float-label\\\">\\n\\t\\t\\t\\t\\t\\t<input class=\\\"text-input float-label__input\\\" data-id=\\\"username-input\\\" id=\\\"username\\\" name=\\\"username\\\" type=\\\"text\\\" autocomplete=\\\"on\\\" value=\\\"\\\" />\\n\\t\\t\\t\\t\\t\\t<label class=\\\"float-label__label\\\" for=\\\"username\\\">Username</label>\\n\\t\\t\\t\\t\\t</div>\\n\\t\\t\\t\\t\\t\\n\\t\\t\\t\\t\\t<div class=\\\"control\\\">\\n\\t\\t\\t\\t\\t\\t<button class=\\\"field is-primary mt-2 button file-input--button button--primary brand-primary-bg\\\" data-id=\\\"button\\\" type=\\\"submit\\\" data-skcomponent=\\\"skbutton\\\" data-skbuttontype=\\\"form-submit\\\" data-skform=\\\"usernamePasswordForm\\\" data-skbuttonvalue=\\\"submit\\\">\\n                            Sign On\\n\\t\\t\\t\\t\\t\\t\\t<i class=\\\"fas fa-forward ml-2\\\"></i>\\n\\t\\t\\t\\t\\t\\t</button>\\n\\t\\t\\t\\t\\t</div>\\n\\t\\t\\t\\t\\t<div class=\\\"control\\\">\\n                        <div style=\\\"width: 100%; text-align: center;\\\">\\n                            <button type=\\\"submit\\\" class=\\\"buttonLink is-primary is-inverted mt-2\\\" data-skcomponent=\\\"skbutton\\\" data-skbuttontype=\\\"form-submit\\\" data-skform=\\\"usernamePasswordForm\\\" data-skbuttonvalue=\\\"forgotPassword\\\">\\n                                Forgot Password\\n                                <i class=\\\"fas fa-forward ml-2\\\"></i>\\n                            </button>\\n                        </div>\\n\\t\\t\\t\\t\\t</div>\\n\\t\\t\\t\\t</form>\\n\\t\\t\\t</div>\\n\\t\\t</div>\\n\\t</div>\\n</div>\\n\"\n      }\n    ]\n  }\n]"
              },
              "formFieldsList": {
                "value": [
                  {
                    "preferredControlType": "textField",
                    "preferredDataType": "string",
                    "propertyName": "username",
                    "displayName": "Username",
                    "hashedVisibility": false
                  },
                  {
                    "preferredControlType": "textField",
                    "preferredDataType": "string",
                    "propertyName": "password",
                    "displayName": "Password",
                    "hashedVisibility": true
                  },
                  {
                    "preferredControlType": "textField",
                    "preferredDataType": "string",
                    "propertyName": "buttonValue"
                  }
                ]
              },
              "nodeTitle": {
                "value": "Username/Password Form"
              },
              "customCSS": {},
              "validationRules": {
                "value": []
              }
            }
          },
          "position": {
            "x": 577,
            "y": 317.852851037705
          },
          "group": "nodes",
          "removed": false,
          "selected": false,
          "selectable": true,
          "locked": false,
          "grabbable": true,
          "pannable": false,
          "classes": ""
        },
        {
          "data": {
            "id": "ybgen98wve",
            "nodeType": "CONNECTION",
            "connectionId": "867ed4363b2bc21c860085ad2baa817d",
            "connectorId": "httpConnector",
            "name": "Http",
            "label": "Http",
            "status": "configured",
            "capabilityName": "customHtmlMessage",
            "type": "trigger",
            "properties": {
              "message": {
                "value": "[\n  {\n    \"children\": [\n      {\n        \"text\": \"\"\n      },\n      {\n        \"text\": \"\"\n      },\n      {\n        \"type\": \"link\",\n        \"src\": \"url:icv9ot1nro\",\n        \"url\": \"output\",\n        \"data\": \"{{local.icv9ot1nro.payload.output}}\",\n        \"tooltip\": \"{{local.icv9ot1nro.payload.output}}\",\n        \"children\": [\n          {\n            \"text\": \"{{local.icv9ot1nro.payload.output}}\"\n          }\n        ]\n      },\n      {\n        \"text\": \"\"\n      },\n      {\n        \"text\": \"\"\n      },\n      {\n        \"text\": \"\"\n      },\n      {\n        \"type\": \"link\",\n        \"src\": \"pingIdentity.svg\",\n        \"url\": \"output\",\n        \"data\": \"{{local.dhgyegqstg.payload.output}}\",\n        \"tooltip\": \"{{local.dhgyegqstg.payload.output}}\",\n        \"children\": [\n          {\n            \"text\": \"output\"\n          }\n        ]\n      },\n      {\n        \"text\": \"\"\n      }\n    ]\n  }\n]"
              }
            }
          },
          "position": {
            "x": 3390,
            "y": 531.852851037705
          },
          "group": "nodes",
          "removed": false,
          "selected": false,
          "selectable": true,
          "locked": false,
          "grabbable": true,
          "pannable": false,
          "classes": ""
        },
        {
          "data": {
            "id": "n17p400vvr",
            "nodeType": "EVAL"
          },
          "position": {
            "x": 3450,
            "y": 501.852851037705
          },
          "group": "nodes",
          "removed": false,
          "selected": false,
          "selectable": true,
          "locked": false,
          "grabbable": true,
          "pannable": false,
          "classes": ""
        },
        {
          "data": {
            "id": "dhgyegqstg",
            "nodeType": "CONNECTION",
            "connectionId": "94141bf2f1b9b59a5f5365ff135e02bb",
            "connectorId": "pingOneSSOConnector",
            "name": "PingOne",
            "label": "PingOne SSO",
            "status": "configured",
            "capabilityName": "userLookup",
            "type": "action",
            "properties": {
              "identifier": {
                "value": "[\n  {\n    \"children\": [\n      {\n        \"text\": \"\"\n      },\n      {\n        \"text\": \"\"\n      },\n      {\n        \"text\": \"\"\n      },\n      {\n        \"type\": \"link\",\n        \"src\": \"http.svg\",\n        \"url\": \"username\",\n        \"data\": \"{{local.howu8n9hsc.payload.output.username}}\",\n        \"tooltip\": \"{{local.howu8n9hsc.payload.output.username}}\",\n        \"children\": [\n          {\n            \"text\": \"username\"\n          }\n        ]\n      },\n      {\n        \"text\": \"\"\n      }\n    ]\n  }\n]"
              },
              "matchAttributes": {
                "value": [
                  "username"
                ]
              },
              "nodeTitle": {
                "value": "Grab Master List"
              },
              "userLookup_localizedErrors": {
                "properties": {
                  "en": {
                    "value": []
                  }
                }
              },
              "userIdentifierForFindUser": {
                "value": "[\n  {\n    \"children\": [\n      {\n        \"text\": \"masterlist\"\n      }\n    ]\n  }\n]"
              }
            },
            "idUnique": "wswv587nzo"
          },
          "position": {
            "x": 1477,
            "y": 317.852851037705
          },
          "group": "nodes",
          "removed": false,
          "selected": false,
          "selectable": true,
          "locked": false,
          "grabbable": true,
          "pannable": false,
          "classes": ""
        },
        {
          "data": {
            "id": "bldk9p56i8",
            "nodeType": "EVAL"
          },
          "position": {
            "x": 1327,
            "y": 317.852851037705
          },
          "group": "nodes",
          "removed": false,
          "selected": false,
          "selectable": true,
          "locked": false,
          "grabbable": true,
          "pannable": false,
          "classes": ""
        },
        {
          "data": {
            "id": "6zwvboitsa",
            "nodeType": "CONNECTION",
            "connectionId": "77a7d563e75f8b4d28654282eaae9a68",
            "connectorId": "functionsConnector",
            "name": "Find Matching Policies",
            "label": "Find Matching Policies",
            "status": "configured",
            "capabilityName": "customFunction",
            "type": "trigger",
            "properties": {
              "code": {
                "value": "// Write your code here\n// Supported language: Javascript \n\n\nvar userInfo5 =  [\n  {\n    \"accountid\": \"jzsv\",\n    \"policyid\": \"nh4o9\",\n    \"age\": \"40\"\n  },\n  {\n    \"accountid\": \"alc6\",\n    \"policyid\": \"yhb72\",\n    \"age\": \"17\"\n  },\n  {\n    \"accountid\": \"b123\",\n    \"policyid\": \"rmb05\",\n    \"age\": \"39\"\n  }\n];\n\n\n//var subscriber = \"b123\";\n//var subscriber =[\"d7js\",\"b123\" ];\nvar matched = [];\n\nmodule.exports = a = async ({params}) => {\n  let userInfo = params.PolList;\n  let subscriber = params.subscriber;\n  let keys = Object.keys(subscriber);\n for (let these=0; these < keys.length; these++) {\n   console.log (subscriber);\n   \n  var findme = subscriber[these];\n  const keys = Object.keys(userInfo);\n  for (let i = 0; i < keys.length; i++){\n   if (userInfo[i].accountid == findme) {\n//  console.log(userInfo[keys[i]]);\n    matched.push(userInfo[keys[i]]);\n   }\n  }\n }\nreturn { matched }\n\t//return {'testVariable': params.testVariable}\n}"
              },
              "variableInputList": {
                "value": [
                  {
                    "name": "PolList",
                    "preferredDataType": "object",
                    "value": "[\n  {\n    \"children\": [\n      {\n        \"text\": \"\"\n      },\n      {\n        \"text\": \"\"\n      },\n      {\n        \"text\": \"\"\n      },\n      {\n        \"type\": \"moustache\",\n        \"data\": \"{{local.dhgyegqstg.payload.output.matchedUser.MasterListofPolicies}}\",\n        \"name\": \"MasterListofPolicies\",\n        \"children\": [\n          {\n            \"text\": \"\"\n          }\n        ]\n      },\n      {\n        \"text\": \"\"\n      },\n      {\n        \"text\": \"\"\n      },\n      {\n        \"text\": \"\"\n      },\n      {\n        \"text\": \"\"\n      },\n      {\n        \"text\": \"\"\n      },\n      {\n        \"text\": \"\"\n      },\n      {\n        \"text\": \"\"\n      },\n      {\n        \"text\": \"\"\n      },\n      {\n        \"text\": \"\"\n      },\n      {\n        \"text\": \"\"\n      },\n      {\n        \"text\": \"\"\n      },\n      {\n        \"text\": \"\"\n      },\n      {\n        \"text\": \"\"\n      },\n      {\n        \"text\": \"\"\n      },\n      {\n        \"text\": \"\"\n      },\n      {\n        \"text\": \"\"\n      }\n    ]\n  }\n]"
                  },
                  {
                    "name": "subscriber",
                    "preferredDataType": "object",
                    "value": "[\n  {\n    \"children\": [\n      {\n        \"text\": \"\"\n      },\n      {\n        \"text\": \"\"\n      },\n      {\n        \"text\": \"\"\n      },\n      {\n        \"type\": \"moustache\",\n        \"data\": \"{{local.icv9ot1nro.payload.output.matchedUser.accountnumber}}\",\n        \"name\": \"accountnumber\",\n        \"children\": [\n          {\n            \"text\": \"\"\n          }\n        ]\n      },\n      {\n        \"text\": \"\"\n      },\n      {\n        \"text\": \"\"\n      },\n      {\n        \"text\": \"\"\n      },\n      {\n        \"text\": \"\"\n      },\n      {\n        \"text\": \"\"\n      },\n      {\n        \"text\": \"\"\n      },\n      {\n        \"text\": \"\"\n      }\n    ]\n  }\n]"
                  }
                ]
              }
            }
          },
          "position": {
            "x": 2677,
            "y": 317.852851037705
          },
          "group": "nodes",
          "removed": false,
          "selected": false,
          "selectable": true,
          "locked": false,
          "grabbable": true,
          "pannable": false,
          "classes": ""
        },
        {
          "data": {
            "id": "jbkxc5h60a",
            "nodeType": "CONNECTION",
            "connectionId": "94141bf2f1b9b59a5f5365ff135e02bb",
            "connectorId": "pingOneSSOConnector",
            "name": "PingOne",
            "label": "PingOne SSO",
            "status": "configured",
            "capabilityName": "userLookup",
            "type": "action",
            "properties": {
              "identifier": {
                "value": "[\n  {\n    \"children\": [\n      {\n        \"text\": \"\"\n      },\n      {\n        \"text\": \"\"\n      },\n      {\n        \"text\": \"\"\n      },\n      {\n        \"type\": \"link\",\n        \"src\": \"http.svg\",\n        \"url\": \"username\",\n        \"data\": \"{{local.howu8n9hsc.payload.output.username}}\",\n        \"tooltip\": \"{{local.howu8n9hsc.payload.output.username}}\",\n        \"children\": [\n          {\n            \"text\": \"username\"\n          }\n        ]\n      },\n      {\n        \"text\": \"\"\n      }\n    ]\n  }\n]"
              },
              "matchAttributes": {
                "value": [
                  "username"
                ]
              },
              "nodeTitle": {
                "value": "ProductLines"
              },
              "userLookup_localizedErrors": {
                "properties": {
                  "en": {
                    "value": []
                  }
                }
              },
              "userIdentifierForFindUser": {
                "value": "[\n  {\n    \"children\": [\n      {\n        \"text\": \"productlines\"\n      }\n    ]\n  }\n]"
              }
            },
            "idUnique": "oyd8hq0ft1"
          },
          "position": {
            "x": 1777,
            "y": 317.852851037705
          },
          "group": "nodes",
          "removed": false,
          "selected": false,
          "selectable": true,
          "locked": false,
          "grabbable": true,
          "pannable": false,
          "classes": ""
        },
        {
          "data": {
            "id": "ku6ndvqr0i",
            "nodeType": "EVAL"
          },
          "position": {
            "x": 1627,
            "y": 317.852851037705
          },
          "group": "nodes",
          "removed": false,
          "selected": false,
          "selectable": true,
          "locked": false,
          "grabbable": true,
          "pannable": false,
          "classes": ""
        },
        {
          "data": {
            "id": "9qlzkh4k0u",
            "nodeType": "EVAL"
          },
          "position": {
            "x": 2280,
            "y": 321.852851037705
          },
          "group": "nodes",
          "removed": false,
          "selected": false,
          "selectable": true,
          "locked": false,
          "grabbable": true,
          "pannable": false,
          "classes": ""
        },
        {
          "data": {
            "id": "qsj66ulpa0",
            "nodeType": "CONNECTION",
            "connectionId": "77a7d563e75f8b4d28654282eaae9a68",
            "connectorId": "functionsConnector",
            "name": "Find Matching Policies",
            "label": "Find Matching Policies",
            "status": "configured",
            "capabilityName": "customFunction",
            "type": "trigger",
            "properties": {
              "code": {
                "value": "// Write your code here\n// Supported language: Javascript \n\nmodule.exports = a = async ({params}) => {\n\tvar tmplist = params.PolicyList;\n    //var policies = tmplist.map(obj=>\n\t//obj.policies[0].productlines);\n\t//productlines = /\\\"productlines\\.*\\/]/;\n\t//var policies = tmplist.search(productlines)\n\t//var policies=params.PolicyList(obj=>obj.policies[0].productlines);\n\tvar newData = JSON.stringify(tmplist);\n\tvar products=JSON.parse(newData);\n\tvar allstuff = products.map(obj=>\n\tobj.type);\n\t//return products.type;\n\treturn allstuff;\n\t//var products=JSON.parse(newData, (key, value) => {\n\t//\treturn value;\n\t\t\n//\t});\n//\tvar productarray = Object.keys(products);\n\t\n\t//plist = products[\"productlines\"];\n\t//return {'testVariable': products.count}\n\n}\n\n//module.exports = a = async ({params}) => {\n//\tconsole.log('params: ', params)\n//\treturn {'testVariable': params.testVariable}"
              },
              "variableInputList": {
                "value": [
                  {
                    "name": "PolicyList",
                    "preferredDataType": "object",
                    "value": "[\n  {\n    \"children\": [\n      {\n        \"text\": \"\"\n      },\n      {\n        \"text\": \"\"\n      },\n      {\n        \"text\": \"{{local.jbkxc5h60a.payload.output.matchedUser.MasterListofPolicies}}\"\n      },\n      {\n        \"text\": \"\"\n      }\n    ]\n  }\n]"
                  }
                ]
              },
              "nodeTitle": {
                "value": "PolicyList"
              }
            },
            "idUnique": "5gpfjn65zx"
          },
          "position": {
            "x": 2077,
            "y": 317.852851037705
          },
          "group": "nodes",
          "removed": false,
          "selected": false,
          "selectable": true,
          "locked": false,
          "grabbable": true,
          "pannable": false,
          "classes": ""
        },
        {
          "data": {
            "id": "jvs0u97768",
            "nodeType": "EVAL"
          },
          "position": {
            "x": 1927,
            "y": 317.852851037705
          },
          "group": "nodes",
          "removed": false,
          "selected": false,
          "selectable": true,
          "locked": false,
          "grabbable": true,
          "pannable": false,
          "classes": ""
        },
        {
          "data": {
            "id": "b5brsanr4n",
            "nodeType": "CONNECTION",
            "connectionId": "7b2e39fb332e26e8a9035dc92e733ae3",
            "connectorId": "pingOneAuthorizeConnector",
            "name": "PingOne Authorize",
            "label": "PingOne Authorize",
            "status": "configured",
            "capabilityName": "makeDecisionRequest",
            "type": "action",
            "properties": {
              "userId": {
                "value": "[\n  {\n    \"children\": [\n      {\n        \"text\": \"\"\n      },\n      {\n        \"text\": \"\"\n      },\n      {\n        \"type\": \"link\",\n        \"src\": \"pingIdentity.svg\",\n        \"url\": \"id\",\n        \"data\": \"{{local.kcv8lri1jz.payload.output.matchedUser.id}}\",\n        \"tooltip\": \"{{local.kcv8lri1jz.payload.output.matchedUser.id}}\",\n        \"children\": [\n          {\n            \"text\": \"id\"\n          }\n        ]\n      },\n      {\n        \"text\": \"\"\n      }\n    ]\n  }\n]"
              },
              "parameters": {
                "value": [
                  {
                    "key": "subscriber",
                    "value": "[\n  {\n    \"children\": [\n      {\n        \"text\": \"\"\n      },\n      {\n        \"text\": \"\"\n      },\n      {\n        \"text\": \"\"\n      },\n      {\n        \"text\": \"\"\n      },\n      {\n        \"text\": \"\"\n      },\n      {\n        \"type\": \"moustache\",\n        \"data\": \"{{local.icv9ot1nro.payload.output.matchedUser.accountnumber}}\",\n        \"name\": \"accountnumber\",\n        \"children\": [\n          {\n            \"text\": \"\"\n          }\n        ]\n      },\n      {\n        \"text\": \"\"\n      }\n    ]\n  }\n]"
                  },
                  {
                    "key": "age",
                    "value": "[\n  {\n    \"children\": [\n      {\n        \"text\": \"\"\n      },\n      {\n        \"text\": \"\"\n      },\n      {\n        \"type\": \"moustache\",\n        \"data\": \"{{local.icv9ot1nro.payload.output.matchedUser.age}}\",\n        \"name\": \"age\",\n        \"children\": [\n          {\n            \"text\": \"\"\n          }\n        ]\n      },\n      {\n        \"text\": \"\"\n      },\n      {\n        \"text\": \"\"\n      },\n      {\n        \"text\": \"\"\n      }\n    ]\n  }\n]"
                  },
                  {
                    "key": "matchedpolicies",
                    "value": "[\n  {\n    \"children\": [\n      {\n        \"text\": \"\"\n      },\n      {\n        \"text\": \"\"\n      },\n      {\n        \"type\": \"link\",\n        \"src\": \"functions.svg\",\n        \"url\": \"output\",\n        \"data\": \"{{local.qsj66ulpa0.payload.output}}\",\n        \"tooltip\": \"{{local.qsj66ulpa0.payload.output}}\",\n        \"children\": [\n          {\n            \"text\": \"output\"\n          }\n        ]\n      },\n      {\n        \"text\": \"\"\n      }\n    ]\n  }\n]"
                  },
                  {
                    "key": "AdminLocked",
                    "value": "[\n  {\n    \"children\": [\n      {\n        \"text\": \"empty\"\n      }\n    ]\n  }\n]"
                  },
                  {
                    "key": "MigrationFailed",
                    "value": "[\n  {\n    \"children\": [\n      {\n        \"text\": \"empty\"\n      }\n    ]\n  }\n]"
                  }
                ]
              }
            },
            "isDisabled": true
          },
          "position": {
            "x": 3120,
            "y": 325.852851037705
          },
          "group": "nodes",
          "removed": false,
          "selected": false,
          "selectable": true,
          "locked": false,
          "grabbable": true,
          "pannable": false,
          "classes": ""
        },
        {
          "data": {
            "id": "ayikgvfe75",
            "nodeType": "CONNECTION",
            "connectionId": "de650ca45593b82c49064ead10b9fe17",
            "connectorId": "functionsConnector",
            "name": "Functions",
            "label": "Functions",
            "status": "configured",
            "capabilityName": "AEqualsMultipleB",
            "type": "trigger",
            "properties": {
              "leftValueA": {
                "value": "[\n  {\n    \"children\": [\n      {\n        \"text\": \"\"\n      },\n      {\n        \"text\": \"\"\n      },\n      {\n        \"type\": \"link\",\n        \"src\": \"pingIdentity.svg\",\n        \"url\": \"decision\",\n        \"data\": \"{{local.b5brsanr4n.payload.output.decision}}\",\n        \"tooltip\": \"{{local.b5brsanr4n.payload.output.decision}}\",\n        \"children\": [\n          {\n            \"text\": \"decision\"\n          }\n        ]\n      },\n      {\n        \"text\": \"\"\n      },\n      {\n        \"text\": \"\"\n      },\n      {\n        \"type\": \"link\",\n        \"src\": \"functions.svg\",\n        \"url\": \"output\",\n        \"data\": \"{{local.aeo2ghrj0f.payload.output}}\",\n        \"tooltip\": \"{{local.aeo2ghrj0f.payload.output}}\",\n        \"children\": [\n          {\n            \"text\": \"output\"\n          }\n        ]\n      },\n      {\n        \"text\": \"\"\n      }\n    ]\n  }\n]"
              },
              "rightValueMultiple": {
                "value": [
                  {
                    "value": "[\n  {\n    \"children\": [\n      {\n        \"text\": \"DENY\"\n      }\n    ]\n  }\n]",
                    "id": "ivlol7a893"
                  },
                  {
                    "value": "[\n  {\n    \"children\": [\n      {\n        \"text\": \"PERMIT\"\n      }\n    ]\n  }\n]",
                    "id": "iyusac29ad"
                  }
                ]
              },
              "nodeTitle": {
                "value": "Test AZ ABAC Policy"
              }
            },
            "idUnique": "pz3by6v0lj",
            "isDisabled": false
          },
          "position": {
            "x": 3090,
            "y": 531.852851037705
          },
          "group": "nodes",
          "removed": false,
          "selected": false,
          "selectable": true,
          "locked": false,
          "grabbable": true,
          "pannable": false,
          "classes": ""
        },
        {
          "data": {
            "id": "c12rjsiyq4",
            "nodeType": "EVAL"
          },
          "position": {
            "x": 2910,
            "y": 531.852851037705
          },
          "group": "nodes",
          "removed": false,
          "selected": false,
          "selectable": true,
          "locked": false,
          "grabbable": true,
          "pannable": false,
          "classes": ""
        },
        {
          "data": {
            "id": "74y7h7lzfq",
            "nodeType": "EVAL"
          },
          "position": {
            "x": 3240,
            "y": 531.852851037705
          },
          "group": "nodes",
          "removed": false,
          "selected": false,
          "selectable": true,
          "locked": false,
          "grabbable": true,
          "pannable": false,
          "classes": ""
        },
        {
          "data": {
            "id": "j0c6ydnxby",
            "nodeType": "CONNECTION",
            "connectionId": "6d8f6f706c45fd459a86b3f092602544",
            "connectorId": "errorConnector",
            "name": "Error Customize",
            "label": "Error Customize",
            "status": "configured",
            "capabilityName": "customErrorMessage",
            "type": "action",
            "properties": {
              "errorMessage": {
                "value": "[\n  {\n    \"children\": [\n      {\n        \"text\": \"An unexpected error has occurred\"\n      }\n    ]\n  }\n]"
              },
              "nodeTitle": {
                "value": "Unexpected Error"
              }
            },
            "idUnique": "gvk6a21cov"
          },
          "position": {
            "x": 3305,
            "y": 694.852851037705
          },
          "group": "nodes",
          "removed": false,
          "selected": false,
          "selectable": true,
          "locked": false,
          "grabbable": true,
          "pannable": false,
          "classes": ""
        },
        {
          "data": {
            "id": "lgdtxww5f4",
            "nodeType": "EVAL"
          },
          "position": {
            "x": 3197.5,
            "y": 694.852851037705
          },
          "group": "nodes",
          "removed": false,
          "selected": false,
          "selectable": true,
          "locked": false,
          "grabbable": true,
          "pannable": false,
          "classes": ""
        },
        {
          "data": {
            "id": "f57bvqxryb",
            "nodeType": "EVAL"
          },
          "position": {
            "x": 3197.5,
            "y": 694.852851037705
          },
          "group": "nodes",
          "removed": false,
          "selected": false,
          "selectable": true,
          "locked": false,
          "grabbable": true,
          "pannable": false,
          "classes": ""
        },
        {
          "data": {
            "id": "w10qf1rjc0",
            "nodeType": "EVAL"
          },
          "position": {
            "x": 1027.404659646311,
            "y": 637.525904304303
          },
          "group": "nodes",
          "removed": false,
          "selected": false,
          "selectable": true,
          "locked": false,
          "grabbable": true,
          "pannable": false,
          "classes": ""
        },
        {
          "data": {
            "id": "nnvyjwma26",
            "nodeType": "CONNECTION",
            "connectionId": "867ed4363b2bc21c860085ad2baa817d",
            "connectorId": "httpConnector",
            "name": "Http",
            "label": "Http",
            "status": "configured",
            "capabilityName": "customHTMLTemplate",
            "type": "trigger",
            "properties": {
              "customHTML": {
                "value": "[\n  {\n    \"children\": [\n      {\n        \"text\": \"<head>   <style>      table, th, td {         border: 1px solid black;         border-collapse: collapse;       }      td, th {         padding: 10px;      }   </style></head>\\n<body>  \"\n      }\n    ]\n  },\n  {\n    \"children\": [\n      {\n        \"text\": \"\"\n      }\n    ]\n  },\n  {\n    \"children\": [\n      {\n        \"text\": \"\"\n      },\n      {\n        \"type\": \"link\",\n        \"src\": \"functions.svg\",\n        \"url\": \"output\",\n        \"data\": \"{{local.6zwvboitsa.payload.output}}\",\n        \"tooltip\": \"{{local.6zwvboitsa.payload.output}}\",\n        \"children\": [\n          {\n            \"text\": \"output\"\n          }\n        ]\n      },\n      {\n        \"text\": \"\"\n      },\n      {\n        \"text\": \"\\n <h2>Convert JSON data into a html table using Javascript</h2>   <p>Click the following button to convert JSON results into HTML table</p><br>   <button id=\\\"btn\\\" onclick=\\\"convert( )\\\"> Click Here </button> <br>   <h3> Resulting Table: </h3>   <div id=\\\"container\\\"></div>\\n\\n\\n\\n\\n\\n\\n\\n\\n\\n\\n\\n\\n\\n\\n\\n\"\n      }\n    ]\n  }\n]"
              },
              "inputSchema": {
                "value": "{\n      \"type\": \"object\",\n      \"properties\": {\n        \"matched\": {\n          \"type\": \"array\",\n          \"items\": [\n            {\n              \"type\": \"object\",\n              \"properties\": {\n                \"accountid\": {\n                  \"type\": \"string\"\n                },\n                \"policyid\": {\n                  \"type\": \"string\"\n                },\n                \"age\": {\n                  \"type\": \"string\"\n                }\n              },\n              \"required\": [\n                \"accountid\",\n                \"policyid\",\n                \"age\"\n              ]\n            }\n}"
              },
              "customScript": {
                "value": "   \n      // Function to convert JSON data to HTML table\n      function convert() {\n         \n         // Sample JSON data\n         let jsonData = [\n            {\n               name: \"Saurabh\",\n               age: \"20\",\n               city: \"Prayagraj\"\n            },\n            {\n               name: \"Vipin\",\n               age: 23,\n               city: \"Lucknow\",\n            },\n            {\n               name: \"Saksham\",\n               age: 21,\n               city: \"Noida\"\n            }\n         ];\n         \n         // Get the container element where the table will be inserted\n         let container = document.getElementById(\"container\");\n         \n         // Create the table element\n         let table = document.createElement(\"table\");\n         \n         // Get the keys (column names) of the first object in the JSON data\n         let cols = Object.keys(jsonData[0]);\n         \n         // Create the header element\n         let thead = document.createElement(\"thead\");\n         let tr = document.createElement(\"tr\");\n         \n         // Loop through the column names and create header cells\n         cols.forEach((item) => {\n            let th = document.createElement(\"th\");\n            th.innerText = item; // Set the column name as the text of the header cell\n            tr.appendChild(th); // Append the header cell to the header row\n         });\n         thead.appendChild(tr); // Append the header row to the header\n         table.append(tr) // Append the header to the table\n         \n         // Loop through the JSON data and create table rows\n         jsonData.forEach((item) => {\n            let tr = document.createElement(\"tr\");\n            \n            // Get the values of the current object in the JSON data\n            let vals = Object.values(item);\n            \n            // Loop through the values and create table cells\n            vals.forEach((elem) => {\n               let td = document.createElement(\"td\");\n               td.innerText = elem; // Set the value as the text of the table cell\n               tr.appendChild(td); // Append the table cell to the table row\n            });\n            table.appendChild(tr); // Append the table row to the table\n         });\n         container.appendChild(table) // Append the table to the container element\n      }\n"
              }
            }
          },
          "position": {
            "x": 2944.5232982315556,
            "y": 236
          },
          "group": "nodes",
          "removed": false,
          "selected": false,
          "selectable": true,
          "locked": false,
          "grabbable": true,
          "pannable": false,
          "classes": ""
        },
        {
          "data": {
            "id": "0c6zzsg7mb",
            "nodeType": "EVAL"
          },
          "position": {
            "x": 2810.761649115778,
            "y": 276.9264255188525
          },
          "group": "nodes",
          "removed": false,
          "selected": false,
          "selectable": true,
          "locked": false,
          "grabbable": true,
          "pannable": false,
          "classes": ""
        },
        {
          "data": {
            "id": "nkwnkr4k8j",
            "nodeType": "EVAL"
          },
          "position": {
            "x": 3032.261649115778,
            "y": 280.9264255188525
          },
          "group": "nodes",
          "removed": false,
          "selected": false,
          "selectable": true,
          "locked": false,
          "grabbable": true,
          "pannable": false,
          "classes": ""
        },
        {
          "data": {
            "id": "0q3yl5q0yp",
            "nodeType": "ANNOTATION",
            "name": "Annotation",
            "connectionId": "f20bd94f23a851133ee5d0da9d2516b1",
            "connectorId": "annotationConnector",
            "capabilityName": "updateAnnotationProperties",
            "type": "action",
            "properties": {
              "backgroundColor": {
                "value": "#B5DFFF"
              },
              "annotationTextColor": {
                "value": "#000000"
              },
              "annotation": {
                "value": "Read User"
              }
            },
            "status": "configured"
          },
          "position": {
            "x": 1080,
            "y": 210
          },
          "group": "nodes",
          "removed": false,
          "selected": false,
          "selectable": true,
          "locked": false,
          "grabbable": true,
          "pannable": false,
          "classes": ""
        },
        {
          "data": {
            "id": "zc1z1makie",
            "nodeType": "ANNOTATION",
            "name": "Annotation",
            "connectionId": "f20bd94f23a851133ee5d0da9d2516b1",
            "connectorId": "annotationConnector",
            "capabilityName": "updateAnnotationProperties",
            "type": "action",
            "properties": {
              "backgroundColor": {
                "value": "#B5DFFF"
              },
              "annotationTextColor": {
                "value": "#000000"
              },
              "annotation": {
                "value": "Read Master List of JSON"
              }
            },
            "status": "configured",
            "idUnique": "iku50nrezg"
          },
          "position": {
            "x": 1350,
            "y": 210
          },
          "group": "nodes",
          "removed": false,
          "selected": false,
          "selectable": true,
          "locked": false,
          "grabbable": true,
          "pannable": false,
          "classes": ""
        },
        {
          "data": {
            "id": "gso8i4uv7w",
            "nodeType": "ANNOTATION",
            "name": "Annotation",
            "connectionId": "f20bd94f23a851133ee5d0da9d2516b1",
            "connectorId": "annotationConnector",
            "capabilityName": "updateAnnotationProperties",
            "type": "action",
            "properties": {
              "backgroundColor": {
                "value": "#B5DFFF"
              },
              "annotationTextColor": {
                "value": "#000000"
              },
              "annotation": {
                "value": "Read Product List of JSON"
              }
            },
            "status": "configured",
            "idUnique": "7uyuoz9kk4"
          },
          "position": {
            "x": 1650,
            "y": 210
          },
          "group": "nodes",
          "removed": false,
          "selected": false,
          "selectable": true,
          "locked": false,
          "grabbable": true,
          "pannable": false,
          "classes": ""
        },
        {
          "data": {
            "id": "qxhf0h34x",
            "nodeType": "ANNOTATION",
            "name": "Annotation",
            "connectionId": "f20bd94f23a851133ee5d0da9d2516b1",
            "connectorId": "annotationConnector",
            "capabilityName": "updateAnnotationProperties",
            "type": "action",
            "properties": {
              "backgroundColor": {
                "value": "#B5DFFF"
              },
              "annotationTextColor": {
                "value": "#000000"
              },
              "annotation": {
                "value": "Parse and Export productlines JSON"
              }
            },
            "status": "configured",
            "idUnique": "fel3hxkaeb"
          },
          "position": {
            "x": 1950,
            "y": 210
          },
          "group": "nodes",
          "removed": false,
          "selected": false,
          "selectable": true,
          "locked": false,
          "grabbable": true,
          "pannable": false,
          "classes": ""
        },
        {
          "data": {
            "id": "xzj7nobk51",
            "nodeType": "ANNOTATION",
            "name": "Annotation",
            "connectionId": "f20bd94f23a851133ee5d0da9d2516b1",
            "connectorId": "annotationConnector",
            "capabilityName": "updateAnnotationProperties",
            "type": "action",
            "properties": {
              "backgroundColor": {
                "value": "#B5DFFF"
              },
              "annotationTextColor": {
                "value": "#000000"
              },
              "annotation": {
                "value": "Output Matching Policies"
              }
            },
            "status": "configured",
            "idUnique": "gtz6f72kmd"
          },
          "position": {
            "x": 2550,
            "y": 240
          },
          "group": "nodes",
          "removed": false,
          "selected": false,
          "selectable": true,
          "locked": false,
          "grabbable": true,
          "pannable": false,
          "classes": ""
        },
        {
          "data": {
            "id": "qjkk7ywn23",
            "nodeType": "ANNOTATION",
            "name": "Annotation",
            "connectionId": "f20bd94f23a851133ee5d0da9d2516b1",
            "connectorId": "annotationConnector",
            "capabilityName": "updateAnnotationProperties",
            "type": "action",
            "properties": {
              "backgroundColor": {
                "value": "#B5DFFF"
              },
              "annotationTextColor": {
                "value": "#000000"
              },
              "annotation": {
                "value": "[   {     \"accountid\": \"jzsv\",     \"policyid\": \"nh4o9\",     \"age\": \"40\"   }]"
              }
            },
            "status": "configured",
            "idUnique": "2j8z8qfmw7"
          },
          "position": {
            "x": 1080,
            "y": 420
          },
          "group": "nodes",
          "removed": false,
          "selected": false,
          "selectable": true,
          "locked": false,
          "grabbable": true,
          "pannable": false,
          "classes": ""
        },
        {
          "data": {
            "id": "aj7kadgsac",
            "nodeType": "ANNOTATION",
            "name": "Annotation",
            "connectionId": "f20bd94f23a851133ee5d0da9d2516b1",
            "connectorId": "annotationConnector",
            "capabilityName": "updateAnnotationProperties",
            "type": "action",
            "properties": {
              "backgroundColor": {
                "value": "#B5DFFF"
              },
              "annotationTextColor": {
                "value": "#000000"
              },
              "annotation": {
                "value": "[{\"type\": \"property\"},   {\"type\": \"casualty\"}]"
              }
            },
            "status": "configured",
            "idUnique": "w8ayjkghvu"
          },
          "position": {
            "x": 1530,
            "y": 360
          },
          "group": "nodes",
          "removed": false,
          "selected": false,
          "selectable": true,
          "locked": false,
          "grabbable": true,
          "pannable": false,
          "classes": ""
        },
        {
          "data": {
            "id": "4ceafum1ql",
            "nodeType": "ANNOTATION",
            "name": "Annotation",
            "connectionId": "f20bd94f23a851133ee5d0da9d2516b1",
            "connectorId": "annotationConnector",
            "capabilityName": "updateAnnotationProperties",
            "type": "action",
            "properties": {
              "backgroundColor": {
                "value": "#B5DFFF"
              },
              "annotationTextColor": {
                "value": "#000000"
              },
              "annotation": {
                "value": "{ \"0\": \"property\",\"1\": \"casualty}"
              }
            },
            "status": "configured",
            "idUnique": "d3foiuqulw"
          },
          "position": {
            "x": 1920,
            "y": 420
          },
          "group": "nodes",
          "removed": false,
          "selected": false,
          "selectable": true,
          "locked": false,
          "grabbable": true,
          "pannable": false,
          "classes": ""
        },
        {
          "data": {
            "id": "6ttxfllh9w",
            "nodeType": "ANNOTATION",
            "name": "Annotation",
            "connectionId": "f20bd94f23a851133ee5d0da9d2516b1",
            "connectorId": "annotationConnector",
            "capabilityName": "updateAnnotationProperties",
            "type": "action",
            "properties": {
              "backgroundColor": {
                "value": "#B5DFFF"
              },
              "annotationTextColor": {
                "value": "#000000"
              },
              "annotation": {
                "value": "\"matched\": [ {\"accountid\": \"b123\",\"policyid\": \"sdd2\",\"age\": \"30\"}]"
              }
            },
            "status": "configured",
            "idUnique": "b1gyw1eq02"
          },
          "position": {
            "x": 2340,
            "y": 390
          },
          "group": "nodes",
          "removed": false,
          "selected": false,
          "selectable": true,
          "locked": false,
          "grabbable": true,
          "pannable": false,
          "classes": ""
        }
      ],
      "edges": [
        {
          "data": {
            "id": "tynwvq3sa0",
            "source": "6zwvboitsa",
            "target": "0c6zzsg7mb"
          },
          "position": {
            "x": 0,
            "y": 0
          },
          "group": "edges",
          "removed": false,
          "selected": false,
          "selectable": true,
          "locked": false,
          "grabbable": true,
          "pannable": true,
          "classes": ""
        },
        {
          "data": {
            "id": "he6p14ttxc",
            "source": "w10qf1rjc0",
            "target": "0mkskx7cez"
          },
          "position": {
            "x": 0,
            "y": 0
          },
          "group": "edges",
          "removed": false,
          "selected": false,
          "selectable": true,
          "locked": false,
          "grabbable": true,
          "pannable": true,
          "classes": ""
        },
        {
          "data": {
            "id": "of5cghw0u5",
            "source": "ayikgvfe75",
            "target": "lgdtxww5f4",
            "multiValueSourceId": "ivlol7a893"
          },
          "position": {
            "x": 64,
            "y": 52
          },
          "group": "edges",
          "removed": false,
          "selected": false,
          "selectable": true,
          "locked": false,
          "grabbable": true,
          "pannable": true,
          "classes": ""
        },
        {
          "data": {
            "id": "9p8kwzj8uc",
            "source": "9qlzkh4k0u",
            "target": "6zwvboitsa"
          },
          "position": {
            "x": 0,
            "y": 0
          },
          "group": "edges",
          "removed": false,
          "selected": false,
          "selectable": true,
          "locked": false,
          "grabbable": true,
          "pannable": true,
          "classes": ""
        },
        {
          "data": {
            "id": "l43ddlrvih",
            "source": "lgdtxww5f4",
            "target": "j0c6ydnxby"
          },
          "position": {
            "x": 0,
            "y": 0
          },
          "group": "edges",
          "removed": false,
          "selected": false,
          "selectable": true,
          "locked": false,
          "grabbable": true,
          "pannable": true,
          "classes": ""
        },
        {
          "data": {
            "id": "l51m3b35vt",
            "source": "ku6ndvqr0i",
            "target": "jbkxc5h60a"
          },
          "position": {
            "x": 0,
            "y": 0
          },
          "group": "edges",
          "removed": false,
          "selected": false,
          "selectable": true,
          "locked": false,
          "grabbable": true,
          "pannable": true,
          "classes": ""
        },
        {
          "data": {
            "id": "e654ev2rjc",
            "source": "jvs0u97768",
            "target": "qsj66ulpa0"
          },
          "position": {
            "x": 0,
            "y": 0
          },
          "group": "edges",
          "removed": false,
          "selected": false,
          "selectable": true,
          "locked": false,
          "grabbable": true,
          "pannable": true,
          "classes": ""
        },
        {
          "data": {
            "id": "gcz0ytr6t6",
            "source": "jbkxc5h60a",
            "target": "jvs0u97768"
          },
          "position": {
            "x": 0,
            "y": 0
          },
          "group": "edges",
          "removed": false,
          "selected": false,
          "selectable": true,
          "locked": false,
          "grabbable": true,
          "pannable": true,
          "classes": ""
        },
        {
          "data": {
            "id": "mseon5mchg",
            "source": "ayikgvfe75",
            "target": "f57bvqxryb",
            "multiValueSourceId": "-1"
          },
          "position": {
            "x": 64,
            "y": 132
          },
          "group": "edges",
          "removed": false,
          "selected": false,
          "selectable": true,
          "locked": false,
          "grabbable": true,
          "pannable": true,
          "classes": ""
        },
        {
          "data": {
            "id": "i90cf403nu",
            "source": "6riic74bmg",
            "target": "icv9ot1nro"
          },
          "position": {
            "x": 0,
            "y": 0
          },
          "group": "edges",
          "removed": false,
          "selected": false,
          "selectable": true,
          "locked": false,
          "grabbable": true,
          "pannable": true,
          "classes": ""
        },
        {
          "data": {
            "id": "v2fioyhein",
            "source": "bldk9p56i8",
            "target": "dhgyegqstg"
          },
          "position": {
            "x": 0,
            "y": 0
          },
          "group": "edges",
          "removed": false,
          "selected": false,
          "selectable": true,
          "locked": false,
          "grabbable": true,
          "pannable": true,
          "classes": ""
        },
        {
          "data": {
            "id": "90nxg4zfxc",
            "source": "ybgen98wve",
            "target": "n17p400vvr"
          },
          "position": {
            "x": 0,
            "y": 0
          },
          "group": "edges",
          "removed": false,
          "selected": false,
          "selectable": true,
          "locked": false,
          "grabbable": true,
          "pannable": true,
          "classes": ""
        },
        {
          "data": {
            "id": "99e14xrf1l",
            "source": "lz4v4r9c4m",
            "target": "rn4x1t4mgh"
          },
          "position": {
            "x": 0,
            "y": 0
          },
          "group": "edges",
          "removed": false,
          "selected": false,
          "selectable": true,
          "locked": false,
          "grabbable": true,
          "pannable": true,
          "classes": ""
        },
        {
          "data": {
            "id": "sum0wi7z3d",
            "source": "uob50pnvdv",
            "target": "ar0n0chx6u",
            "multiValueSourceId": "-1"
          },
          "position": {
            "x": 64,
            "y": 132
          },
          "group": "edges",
          "removed": false,
          "selected": false,
          "selectable": true,
          "locked": false,
          "grabbable": true,
          "pannable": true,
          "classes": ""
        },
        {
          "data": {
            "id": "18g7cs435y",
            "source": "qsj66ulpa0",
            "target": "9qlzkh4k0u"
          },
          "position": {
            "x": 0,
            "y": 0
          },
          "group": "edges",
          "removed": false,
          "selected": false,
          "selectable": true,
          "locked": false,
          "grabbable": true,
          "pannable": true,
          "classes": ""
        },
        {
          "data": {
            "id": "92atgxm90b",
            "source": "f57bvqxryb",
            "target": "j0c6ydnxby"
          },
          "position": {
            "x": 0,
            "y": 0
          },
          "group": "edges",
          "removed": false,
          "selected": false,
          "selectable": true,
          "locked": false,
          "grabbable": true,
          "pannable": true,
          "classes": ""
        },
        {
          "data": {
            "id": "zfc5msz1fd",
            "source": "ar0n0chx6u",
            "target": "0mkskx7cez"
          },
          "position": {
            "x": 0,
            "y": 0
          },
          "group": "edges",
          "removed": false,
          "selected": false,
          "selectable": true,
          "locked": false,
          "grabbable": true,
          "pannable": true,
          "classes": ""
        },
        {
          "data": {
            "id": "e7ylf4frhm",
            "source": "rn4x1t4mgh",
            "target": "howu8n9hsc"
          },
          "position": {
            "x": 0,
            "y": 0
          },
          "group": "edges",
          "removed": false,
          "selected": false,
          "selectable": true,
          "locked": false,
          "grabbable": true,
          "pannable": true,
          "classes": ""
        },
        {
          "data": {
            "id": "qdn4sythpl",
            "source": "0c6zzsg7mb",
            "target": "nnvyjwma26"
          },
          "position": {
            "x": 0,
            "y": 0
          },
          "group": "edges",
          "removed": false,
          "selected": false,
          "selectable": true,
          "locked": false,
          "grabbable": true,
          "pannable": true,
          "classes": ""
        },
        {
          "data": {
            "id": "ijimbdwdp2",
            "source": "cnjk2v16y3",
            "target": "uob50pnvdv"
          },
          "position": {
            "x": 0,
            "y": 0
          },
          "group": "edges",
          "removed": false,
          "selected": false,
          "selectable": true,
          "locked": false,
          "grabbable": true,
          "pannable": true,
          "classes": ""
        },
        {
          "data": {
            "id": "v5esnn18bn",
            "source": "howu8n9hsc",
            "target": "cnjk2v16y3"
          },
          "position": {
            "x": 0,
            "y": 0
          },
          "group": "edges",
          "removed": false,
          "selected": false,
          "selectable": true,
          "locked": false,
          "grabbable": true,
          "pannable": true,
          "classes": ""
        },
        {
          "data": {
            "id": "s6hkim3240",
            "source": "b5brsanr4n",
            "target": "c12rjsiyq4"
          },
          "position": {
            "x": 0,
            "y": 0
          },
          "group": "edges",
          "removed": false,
          "selected": false,
          "selectable": true,
          "locked": false,
          "grabbable": true,
          "pannable": true,
          "classes": ""
        },
        {
          "data": {
            "id": "i764d50aiz",
            "source": "uob50pnvdv",
            "target": "6riic74bmg",
            "multiValueSourceId": "vgii63uk2p"
          },
          "position": {
            "x": 64,
            "y": 52
          },
          "group": "edges",
          "removed": false,
          "selected": false,
          "selectable": true,
          "locked": false,
          "grabbable": true,
          "pannable": true,
          "classes": ""
        },
        {
          "data": {
            "id": "cu83lashnh",
            "source": "n17p400vvr",
            "target": "ck1mtmjp5b"
          },
          "position": {
            "x": 0,
            "y": 0
          },
          "group": "edges",
          "removed": false,
          "selected": false,
          "selectable": true,
          "locked": false,
          "grabbable": true,
          "pannable": true,
          "classes": ""
        },
        {
          "data": {
            "id": "t72k4rv3sl",
            "source": "icv9ot1nro",
            "target": "bldk9p56i8"
          },
          "position": {
            "x": 0,
            "y": 0
          },
          "group": "edges",
          "removed": false,
          "selected": false,
          "selectable": true,
          "locked": false,
          "grabbable": true,
          "pannable": true,
          "classes": ""
        },
        {
          "data": {
            "id": "9ftt9b0es4",
            "source": "dhgyegqstg",
            "target": "ku6ndvqr0i"
          },
          "position": {
            "x": 0,
            "y": 0
          },
          "group": "edges",
          "removed": false,
          "selected": false,
          "selectable": true,
          "locked": false,
          "grabbable": true,
          "pannable": true,
          "classes": ""
        },
        {
          "data": {
            "id": "v5lfx2buza",
            "source": "c12rjsiyq4",
            "target": "ayikgvfe75"
          },
          "position": {
            "x": 0,
            "y": 0
          },
          "group": "edges",
          "removed": false,
          "selected": false,
          "selectable": true,
          "locked": false,
          "grabbable": true,
          "pannable": true,
          "classes": ""
        },
        {
          "data": {
            "id": "23lh9ra9zg",
            "source": "uob50pnvdv",
            "target": "w10qf1rjc0",
            "multiValueSourceId": "6cdnrpc2vy"
          },
          "position": {
            "x": 64,
            "y": 92
          },
          "group": "edges",
          "removed": false,
          "selected": false,
          "selectable": true,
          "locked": false,
          "grabbable": true,
          "pannable": true,
          "classes": ""
        },
        {
          "data": {
            "id": "v1qz0i1n1s",
            "source": "ayikgvfe75",
            "target": "74y7h7lzfq",
            "multiValueSourceId": "iyusac29ad"
          },
          "position": {
            "x": 64,
            "y": 92
          },
          "group": "edges",
          "removed": false,
          "selected": false,
          "selectable": true,
          "locked": false,
          "grabbable": true,
          "pannable": true,
          "classes": ""
        },
        {
          "data": {
            "id": "hvrkq2ud7a",
            "source": "74y7h7lzfq",
            "target": "ybgen98wve"
          },
          "position": {
            "x": 0,
            "y": 0
          },
          "group": "edges",
          "removed": false,
          "selected": false,
          "selectable": true,
          "locked": false,
          "grabbable": true,
          "pannable": true,
          "classes": ""
        },
        {
          "data": {
            "id": "3hhr2wc6va",
            "source": "nnvyjwma26",
            "target": "nkwnkr4k8j"
          },
          "position": {
            "x": 0,
            "y": 0
          },
          "group": "edges",
          "removed": false,
          "selected": false,
          "selectable": true,
          "locked": false,
          "grabbable": true,
          "pannable": true,
          "classes": ""
        },
        {
          "data": {
            "id": "xb4xoew7ik",
            "source": "nkwnkr4k8j",
            "target": "b5brsanr4n"
          },
          "position": {
            "x": 0,
            "y": 0
          },
          "group": "edges",
          "removed": false,
          "selected": false,
          "selectable": true,
          "locked": false,
          "grabbable": true,
          "pannable": true,
          "classes": ""
        }
      ]
    },
    "data": {},
    "zoomingEnabled": true,
    "userZoomingEnabled": true,
    "zoom": 1,
    "minZoom": 1e-50,
    "maxZoom": 1e+50,
    "panningEnabled": true,
    "userPanningEnabled": true,
    "pan": {
      "x": 0,
      "y": 0
    },
    "boxSelectionEnabled": true,
    "renderer": {
      "name": "null"
    }
  },
  "flowColor": "#E3F0FF",
  "savedDate": 1697056830693,
  "variables": [],
  "connections": []
}