{
  "companyId": "443c35cc-5561-4806-8120-9e8579a9c7ce",
  "authTokenExpireIds": [],
  "connectorIds": [
    "httpConnector",
    "pingOneSSOConnector",
    "errorConnector",
    "annotationConnector",
    "functionsConnector",
    "variablesConnector",
    "nodeConnector"
  ],
  "createdDate": 1720623966452,
  "currentVersion": 1,
  "customerId": "1d897d0ab2f9d0b8dc75c0bb15c6bd11",
  "deployedDate": 1720623966617,
  "description": "Imported on Wed Jul 10 2024 15:06:05 GMT+0000 (Coordinated Universal Time)",
  "flowStatus": "enabled",
  "inputSchemaCompiled": {
    "parameters": {
      "type": "object",
      "properties": {
        "flowParameters": {
          "description": "",
          "preferredDataType": "object",
          "isExpanded": true,
          "type": "object",
          "name": "flowParameters"
        }
      },
      "additionalProperties": false,
      "required": []
    }
  },
  "isInputSchemaSaved": true,
  "isOutputSchemaSaved": false,
  "name": "OOTB - Authorize Account Settings",
  "publishedVersion": 1,
  "settings": {
    "csp": "worker-src 'self' blob:; script-src 'self' https://cdn.jsdelivr.net https://code.jquery.com https://devsdk.singularkey.com http://cdnjs.cloudflare.com 'unsafe-inline' 'unsafe-eval';",
    "intermediateLoadingScreenCSS": {},
    "intermediateLoadingScreenHTML": {},
    "cssLinks": [
      "https://assets.pingone.com/ux/end-user/1.7.0/end-user.css",
      "https://assets.pingone.com/ux/astro-nano/0.1.0-alpha.6/icons.css"
    ],
    "css": "body, .page {\n  background-color: #ededed !important;\n}\n\n.buttonLink {\n  background: none !important;\n  border: none;\n  cursor: pointer;\n  color: #2996cc;\n  font-size: 15px;\n}",
    "useCustomCSS": true,
    "logLevel": 2
  },
  "timeouts": "null",
  "updatedDate": 1720623966660,
  "flowId": "8b4e1ec4baa2941441c39cdfde21a2f1",
  "versionId": 1,
  "graphData": {
    "elements": {
      "nodes": [
        {
          "data": {
            "id": "rw4op4n2cn",
            "nodeType": "CONNECTION",
            "connectionId": "867ed4363b2bc21c860085ad2baa817d",
            "connectorId": "httpConnector",
            "name": "Http",
            "label": "HTTP",
            "status": "configured",
            "capabilityName": "customHTMLTemplate",
            "type": "trigger",
            "properties": {
              "customHTML": {
                "value": "[\n  {\n    \"children\": [\n      {\n        \"text\": \"<div class=\\\"app-container\\\" style=\\\"display: block;\\\">\\n    <div class=\\\"page__content\\\" style=\\\"height: 100%;\\\">\\n        <div class=\\\"card card--no-padding\\\">\\n            <div class=\\\"card__content\\\">\\n                <div data-skcomponent=\\\"skerror\\\" class=\\\"feedback feedback--error sk-alert sk-alert-danger text-danger has-text-danger has-background-danger-light\\\" data-id=\\\"feedback\\\" data-skvisibility=\\\"\\\"></div>\\n                <form id=\\\"bxForm\\\" class=\\\"dialog-container bxi-color-light\\\">\\n                    <h1 class=\\\"dialog-header text-center bxi-ff-secondary fw-bold mb-4\\\">Account Settings</h1>\\n                    <div class=\\\"mb-4\\\">\\n                        <label for=\\\"disable-online-transactions\\\" class=\\\"form-label mb-1\\\">Online Transactions</label>\\n                        <select class=\\\"form-control\\\" data-id=\\\"disable-online-transactions\\\" id=\\\"disable-online-transactions\\\" name=\\\"disable-online-transactions\\\">\\n                            <option value=\\\"enabled\\\">Enabled</option>\\n                            <option value=\\\"disabled\\\">Disabled</option>\\n                        </select>\\n                        <div data-skcomponent=\\\"skerrormessage\\\" data-skerrorid=\\\"disable-online-transactions\\\" class=\\\"text-danger\\\">\\n                        </div>\\n                    </div>\\n                    <div class=\\\"mb-4\\\">\\n                        <label class=\\\"form-label mb-1\\\" for=\\\"transaction-limit\\\">Set Transaction Limit</label>\\n                        <input type=\\\"number\\\" id=\\\"transaction-limit\\\" name=\\\"transaction-limit\\\" class=\\\"form-control\\\"/>\\n                        <div data-skcomponent=\\\"skerrormessage\\\" data-skerrorid=\\\"transaction-limit\\\" class=\\\"text-danger\\\">\\n                        </div>\\n                    </div>\\n                    <div class=\\\"mb-4\\\">\\n                        <label for=\\\"approval-limit\\\" class=\\\"form-label mb-1\\\" for=\\\"approval-limit\\\">Set Approval Limit</label>\\n                        <input type=\\\"number\\\" id=\\\"approval-limit\\\" name=\\\"approval-limit\\\" class=\\\"form-control\\\"/>\\n                        <div data-skcomponent=\\\"skerrormessage\\\" data-skerrorid=\\\"approval-limit\\\" class=\\\"text-danger\\\">\\n                        </div>\\n                    </div>\\n                    \\n                    <h2 class=\\\"dialog-header text-center mb-4\\\">Access Settings</h2>\\n                    <div class=\\\"mb-0 text-center\\\">Accounts visible to user: <span style=\\\"font-weight: 900;\\\">Wealth Advisor</span></div>\\n                        </br>\\n                        <div class=\\\"mb-4\\\">\\n                        <label for=\\\"viewCreditCard\\\" class=\\\"form-label mb-0\\\">View BX Credit Card Account</label>\\n                        <select class=\\\"form-control\\\" data-id=\\\"viewCreditCard\\\" id=\\\"viewCreditCard\\\" name=\\\"viewCreditCard\\\">\\n                            <option value=\\\"hidden\\\">Hidden</option>\\n                            <option value=\\\"visible\\\">Visible</option>\\n                            <option value=\\\"masked\\\">Visible and masked</option>\\n                        </select>\\n                        <div data-skcomponent=\\\"skerrormessage\\\" data-skerrorid=\\\"viewCreditCard\\\" class=\\\"text-danger\\\">\\n                        </div>\\n                        </div>\\n                        <div class=\\\"mb-4\\\">\\n                        <label for=\\\"viewJointAccount\\\" class=\\\"form-label mb-0\\\">View BX Joint Account</label>\\n                        <select class=\\\"form-control\\\" data-id=\\\"viewJointAccount\\\" id=\\\"viewJointAccount\\\" name=\\\"viewJointAccount\\\">\\n                            <option value=\\\"hidden\\\">Hidden</option>\\n                            <option value=\\\"visible\\\">Visible</option>\\n                            <option value=\\\"masked\\\">Visible and masked</option>\\n                        </select>\\n                        <div data-skcomponent=\\\"skerrormessage\\\" data-skerrorid=\\\"viewJointAccount\\\" class=\\\"text-danger\\\">\\n                        </div>\\n                        </div>\\n\\n                        <div class=\\\"mb-4\\\">\\n                        <label for=\\\"viewMortgage\\\" class=\\\"form-label mb-0\\\">View BX Mortgage Account</label>\\n                        <select class=\\\"form-control\\\" data-id=\\\"viewMortgage\\\" id=\\\"viewMortgage\\\" name=\\\"viewMortgage\\\">\\n                            <option value=\\\"hidden\\\">Hidden</option>\\n                            <option value=\\\"visible\\\">Visible</option>\\n                            <option value=\\\"masked\\\">Visible and masked</option>\\n                        </select>\\n                        <div data-skcomponent=\\\"skerrormessage\\\" data-skerrorid=\\\"viewMortgage\\\" class=\\\"text-danger\\\">\\n                        </div>\\n                    </div>\\n                    <div>\\n                        <button id=\\\"save\\\" data-skcomponent=\\\"skbutton\\\" data-skbuttontype=\\\"form-submit\\\" data-skform=\\\"bxForm\\\" data-skbuttonvalue=\\\"submit\\\" class=\\\"bxi-button bxi-button--lg bxi-button--submit d-block mx-auto mb-4\\\">Save & Close</button>\\n                        <button id=\\\"cancel\\\" data-skcomponent=\\\"skbutton\\\" data-skbuttontype=\\\"form-submit\\\" data-skform=\\\"bxForm\\\" data-skbuttonvalue=\\\"cancel\\\" class=\\\"bxi-button bxi-button--lg bxi-button--submit d-block mx-auto mb-4\\\">Cancel</button>\\n                    </div>\\n                </form>\\n            </div>\\n        </div>\\n    </div>\\n</div>\"\n      }\n    ]\n  }\n]"
              },
              "formFieldsList": {
                "value": [
                  {
                    "preferredControlType": "toggleSwitch",
                    "preferredDataType": "boolean",
                    "propertyName": "disable-online-transactions",
                    "displayName": "Disable Online Transactions",
                    "value": "[\n  {\n    \"children\": [\n      {\n        \"text\": \"\"\n      },\n      {\n        \"text\": \"\"\n      },\n      {\n        \"type\": \"link\",\n        \"src\": \"functions.svg\",\n        \"url\": \"isPaymentEnabled\",\n        \"data\": \"{{local.y9l1q1bsrj.payload.output.isPaymentEnabled}}\",\n        \"tooltip\": \"{{local.y9l1q1bsrj.payload.output.isPaymentEnabled}}\",\n        \"children\": [\n          {\n            \"text\": \"isPaymentEnabled\"\n          }\n        ]\n      },\n      {\n        \"text\": \"\"\n      }\n    ]\n  }\n]"
                  },
                  {
                    "preferredControlType": "textField",
                    "preferredDataType": "number",
                    "propertyName": "transaction-limit",
                    "displayName": "Online Transaction Limit",
                    "value": "[\n  {\n    \"children\": [\n      {\n        \"text\": \"\"\n      },\n      {\n        \"text\": \"\"\n      },\n      {\n        \"type\": \"link\",\n        \"src\": \"functions.svg\",\n        \"url\": \"paymentLimit\",\n        \"data\": \"{{local.y9l1q1bsrj.payload.output.paymentLimit}}\",\n        \"tooltip\": \"{{local.y9l1q1bsrj.payload.output.paymentLimit}}\",\n        \"children\": [\n          {\n            \"text\": \"paymentLimit\"\n          }\n        ]\n      },\n      {\n        \"text\": \"\"\n      }\n    ]\n  }\n]"
                  },
                  {
                    "propertyName": "approval-limit",
                    "preferredControlType": "textField",
                    "preferredDataType": "number",
                    "value": "[\n  {\n    \"children\": [\n      {\n        \"text\": \"\"\n      },\n      {\n        \"text\": \"\"\n      },\n      {\n        \"type\": \"link\",\n        \"src\": \"functions.svg\",\n        \"url\": \"paymentApprovalLimit\",\n        \"data\": \"{{local.y9l1q1bsrj.payload.output.paymentApprovalLimit}}\",\n        \"tooltip\": \"{{local.y9l1q1bsrj.payload.output.paymentApprovalLimit}}\",\n        \"children\": [\n          {\n            \"text\": \"paymentApprovalLimit\"\n          }\n        ]\n      },\n      {\n        \"text\": \"\"\n      }\n    ]\n  }\n]",
                    "hashedVisibility": false,
                    "displayName": "Online Transaction Approval Limit"
                  },
                  {
                    "preferredControlType": "textField",
                    "preferredDataType": "string",
                    "propertyName": "buttonValue"
                  },
                  {
                    "propertyName": "viewCreditCard",
                    "preferredControlType": "dropDown",
                    "preferredDataType": "string",
                    "value": "[\n  {\n    \"children\": [\n      {\n        \"text\": \"\"\n      },\n      {\n        \"text\": \"\"\n      },\n      {\n        \"type\": \"link\",\n        \"src\": \"functions.svg\",\n        \"url\": \"viewCreditCard\",\n        \"data\": \"{{local.y9l1q1bsrj.payload.output.viewCreditCard}}\",\n        \"tooltip\": \"{{local.y9l1q1bsrj.payload.output.viewCreditCard}}\",\n        \"children\": [\n          {\n            \"text\": \"viewCreditCard\"\n          }\n        ]\n      },\n      {\n        \"text\": \"\"\n      }\n    ]\n  }\n]",
                    "hashedVisibility": false,
                    "displayName": "View Credit Card Account"
                  },
                  {
                    "propertyName": "viewJointAccount",
                    "preferredControlType": "dropDown",
                    "preferredDataType": "string",
                    "value": "[\n  {\n    \"children\": [\n      {\n        \"text\": \"\"\n      },\n      {\n        \"text\": \"\"\n      },\n      {\n        \"type\": \"link\",\n        \"src\": \"functions.svg\",\n        \"url\": \"viewJointAccount\",\n        \"data\": \"{{local.y9l1q1bsrj.payload.output.viewJointAccount}}\",\n        \"tooltip\": \"{{local.y9l1q1bsrj.payload.output.viewJointAccount}}\",\n        \"children\": [\n          {\n            \"text\": \"viewJointAccount\"\n          }\n        ]\n      },\n      {\n        \"text\": \"\"\n      }\n    ]\n  }\n]",
                    "hashedVisibility": false,
                    "displayName": "View Joint Account"
                  },
                  {
                    "propertyName": "viewMortgage",
                    "preferredControlType": "dropDown",
                    "preferredDataType": "string",
                    "value": "[\n  {\n    \"children\": [\n      {\n        \"text\": \"\"\n      },\n      {\n        \"text\": \"\"\n      },\n      {\n        \"type\": \"link\",\n        \"src\": \"functions.svg\",\n        \"url\": \"viewMortgage\",\n        \"data\": \"{{local.y9l1q1bsrj.payload.output.viewMortgage}}\",\n        \"tooltip\": \"{{local.y9l1q1bsrj.payload.output.viewMortgage}}\",\n        \"children\": [\n          {\n            \"text\": \"viewMortgage\"\n          }\n        ]\n      },\n      {\n        \"text\": \"\"\n      }\n    ]\n  }\n]",
                    "hashedVisibility": false,
                    "displayName": "View Mortgage Account"
                  }
                ]
              },
              "nodeTitle": {
                "value": "Accounts Settings Update Form"
              },
              "nodeDescription": {
                "value": "Changing the accounts settings for that user for all of its accounts"
              },
              "customCSS": {
                "value": "select {\n  -webkit-appearance: listbox !important;\n}"
              }
            },
            "idUnique": "87ea64i8hi"
          },
          "position": {
            "x": 1633,
            "y": 540
          },
          "group": "nodes",
          "removed": false,
          "selected": false,
          "selectable": true,
          "locked": false,
          "grabbable": true,
          "pannable": false,
          "classes": ""
        },
        {
          "data": {
            "id": "xld9y4y3gz",
            "nodeType": "CONNECTION",
            "connectionId": "94141bf2f1b9b59a5f5365ff135e02bb",
            "connectorId": "pingOneSSOConnector",
            "name": "PingOne",
            "label": "PingOne",
            "status": "configured",
            "capabilityName": "updateUser",
            "type": "action",
            "properties": {
              "additionalUserProperties": {
                "value": [
                  {
                    "name": "isPaymentEnabled",
                    "preferredDataType": "string",
                    "value": "[\n  {\n    \"children\": [\n      {\n        \"text\": \"\"\n      },\n      {\n        \"text\": \"\"\n      },\n      {\n        \"type\": \"link\",\n        \"src\": \"http.svg\",\n        \"url\": \"disable-online-transactions\",\n        \"data\": \"{{local.rw4op4n2cn.payload.output.disable-online-transactions}}\",\n        \"tooltip\": \"{{local.rw4op4n2cn.payload.output.disable-online-transactions}}\",\n        \"children\": [\n          {\n            \"text\": \"disable-online-transactions\"\n          }\n        ]\n      },\n      {\n        \"text\": \"\"\n      }\n    ]\n  }\n]"
                  },
                  {
                    "name": "paymentApprovalLimit",
                    "preferredDataType": "string",
                    "value": "[\n  {\n    \"children\": [\n      {\n        \"text\": \"\"\n      },\n      {\n        \"text\": \"\"\n      },\n      {\n        \"type\": \"link\",\n        \"src\": \"http.svg\",\n        \"url\": \"approval-limit\",\n        \"data\": \"{{local.rw4op4n2cn.payload.output.approval-limit}}\",\n        \"tooltip\": \"{{local.rw4op4n2cn.payload.output.approval-limit}}\",\n        \"children\": [\n          {\n            \"text\": \"approval-limit\"\n          }\n        ]\n      },\n      {\n        \"text\": \"\"\n      }\n    ]\n  }\n]"
                  },
                  {
                    "name": "paymentLimit",
                    "preferredDataType": "string",
                    "value": "[\n  {\n    \"children\": [\n      {\n        \"text\": \"\"\n      },\n      {\n        \"text\": \"\"\n      },\n      {\n        \"type\": \"link\",\n        \"src\": \"http.svg\",\n        \"url\": \"transaction-limit\",\n        \"data\": \"{{local.rw4op4n2cn.payload.output.transaction-limit}}\",\n        \"tooltip\": \"{{local.rw4op4n2cn.payload.output.transaction-limit}}\",\n        \"children\": [\n          {\n            \"text\": \"transaction-limit\"\n          }\n        ]\n      },\n      {\n        \"text\": \"\"\n      }\n    ]\n  }\n]"
                  },
                  {
                    "name": "thirdPartyAccess",
                    "preferredDataType": "object",
                    "value": "[\n  {\n    \"children\": [\n      {\n        \"text\": \"\"\n      },\n      {\n        \"text\": \"\"\n      },\n      {\n        \"text\": \"\"\n      },\n      {\n        \"type\": \"link\",\n        \"src\": \"functions.svg\",\n        \"url\": \"thirdPartyAccess\",\n        \"data\": \"{{local.9vvopwp191.payload.output.thirdPartyAccess}}\",\n        \"tooltip\": \"{{local.9vvopwp191.payload.output.thirdPartyAccess}}\",\n        \"children\": [\n          {\n            \"text\": \"thirdPartyAccess\"\n          }\n        ]\n      },\n      {\n        \"text\": \"\"\n      },\n      {\n        \"text\": \"\"\n      }\n    ]\n  }\n]"
                  }
                ]
              },
              "identifier": {
                "value": "[\n  {\n    \"children\": [\n      {\n        \"text\": \"\"\n      },\n      {\n        \"text\": \"\"\n      },\n      {\n        \"type\": \"link\",\n        \"src\": \"variable.svg\",\n        \"url\": \"P1UserEmail\",\n        \"data\": \"{{global.variables.P1UserEmail}}\",\n        \"tooltip\": \"{{global.variables.P1UserEmail}}\",\n        \"children\": [\n          {\n            \"text\": \"P1UserEmail\"\n          }\n        ]\n      },\n      {\n        \"text\": \"\"\n      },\n      {\n        \"text\": \"\"\n      },\n      {\n        \"text\": \"\"\n      }\n    ]\n  }\n]"
              },
              "matchAttribute": {
                "value": "username"
              },
              "username": {
                "value": "[\n  {\n    \"children\": [\n      {\n        \"text\": \"\"\n      },\n      {\n        \"text\": \"\"\n      },\n      {\n        \"type\": \"link\",\n        \"src\": \"variable.svg\",\n        \"url\": \"P1UserEmail\",\n        \"data\": \"{{global.variables.P1UserEmail}}\",\n        \"tooltip\": \"{{global.variables.P1UserEmail}}\",\n        \"children\": [\n          {\n            \"text\": \"P1UserEmail\"\n          }\n        ]\n      },\n      {\n        \"text\": \"\"\n      }\n    ]\n  }\n]"
              },
              "nodeTitle": {
                "value": "Update Account Settings for BX Finance User"
              },
              "nodeDescription": {
                "value": "Updating custom PingOne Attributes that store data for the user. This will be later used in the Policy Tree in PingOne Authorize"
              }
            },
            "idUnique": "yq00x4607f"
          },
          "position": {
            "x": 2368.6871329742376,
            "y": 1137.1818339736526
          },
          "group": "nodes",
          "removed": false,
          "selected": false,
          "selectable": true,
          "locked": false,
          "grabbable": true,
          "pannable": false,
          "classes": ""
        },
        {
          "data": {
            "id": "3hubnf74rl",
            "nodeType": "CONNECTION",
            "connectionId": "94141bf2f1b9b59a5f5365ff135e02bb",
            "connectorId": "pingOneSSOConnector",
            "name": "PingOne",
            "label": "pingOneSSOConnector",
            "status": "configured",
            "capabilityName": "readUser",
            "type": "action",
            "properties": {
              "matchAttributes": {
                "value": []
              },
              "returnUserPasswordStatus": {
                "value": true
              },
              "matchAttribute": {
                "value": "username"
              },
              "identifier": {
                "value": "[\n  {\n    \"children\": [\n      {\n        \"text\": \"\"\n      },\n      {\n        \"text\": \"\"\n      },\n      {\n        \"type\": \"link\",\n        \"src\": \"variable.svg\",\n        \"url\": \"P1UserEmail\",\n        \"data\": \"{{global.variables.P1UserEmail}}\",\n        \"tooltip\": \"{{global.variables.P1UserEmail}}\",\n        \"children\": [\n          {\n            \"text\": \"P1UserEmail\"\n          }\n        ]\n      },\n      {\n        \"text\": \"\"\n      }\n    ]\n  }\n]"
              },
              "nodeTitle": {
                "value": "Read User"
              },
              "nodeDescription": {
                "value": "Get details for logged in user to update them"
              }
            },
            "idUnique": "42w7vu5sul",
            "isDisabled": false
          },
          "position": {
            "x": 1011,
            "y": 540
          },
          "group": "nodes",
          "removed": false,
          "selected": false,
          "selectable": true,
          "locked": false,
          "grabbable": true,
          "pannable": false,
          "classes": ""
        },
        {
          "data": {
            "id": "h8732v6dz6",
            "nodeType": "EVAL",
            "label": "Evaluator",
            "properties": {
              "c7xzcm90sx": {
                "value": "allTriggersFalse"
              }
            },
            "idUnique": "lsftxcetlh"
          },
          "position": {
            "x": 2527.363667947305,
            "y": 1348.7505472710764
          },
          "group": "nodes",
          "removed": false,
          "selected": false,
          "selectable": true,
          "locked": false,
          "grabbable": true,
          "pannable": false,
          "classes": ""
        },
        {
          "data": {
            "id": "c7xzcm90sx",
            "nodeType": "CONNECTION",
            "connectionId": "53ab83a4a4ab919d9f2cb02d9e111ac8",
            "connectorId": "errorConnector",
            "name": "Error Message",
            "label": "errorConnector",
            "status": "configured",
            "capabilityName": "customErrorMessage",
            "type": "action",
            "properties": {
              "nodeTitle": {
                "value": "Unexpected Error"
              },
              "errorMessage": {
                "value": "[\n  {\n    \"children\": [\n      {\n        \"text\": \"\"\n      },\n      {\n        \"text\": \"Your settings could not be updated. Please start over. \"\n      },\n      {\n        \"text\": \"\"\n      },\n      {\n        \"type\": \"link\",\n        \"src\": \"pingIdentity.svg\",\n        \"url\": \"message\",\n        \"data\": \"{{local.xld9y4y3gz.payload.error.message}}\",\n        \"tooltip\": \"{{local.xld9y4y3gz.payload.error.message}}\",\n        \"children\": [\n          {\n            \"text\": \"message\"\n          }\n        ]\n      },\n      {\n        \"text\": \"\"\n      }\n    ]\n  }\n]"
              },
              "backgroundColor": {
                "value": "#ffc8c1ff"
              },
              "oeInteractionCacheExpire": {
                "value": true
              }
            },
            "idUnique": "l3vxk8wlp4",
            "isDisabled": false
          },
          "position": {
            "x": 2765.378470406907,
            "y": 1375.1966364332543
          },
          "group": "nodes",
          "removed": false,
          "selected": false,
          "selectable": true,
          "locked": false,
          "grabbable": true,
          "pannable": false,
          "classes": ""
        },
        {
          "data": {
            "id": "arfps892je",
            "nodeType": "ANNOTATION",
            "name": "Annotation",
            "connectionId": "921bfae85c38ed45045e07be703d86b8",
            "connectorId": "annotationConnector",
            "capabilityName": "updateAnnotationProperties",
            "type": "action",
            "properties": {
              "backgroundColor": {
                "value": "#4462edff"
              },
              "annotationTextColor": {
                "value": "#ffffffff"
              },
              "annotation": {
                "value": "BX Finance Account Settings"
              },
              "width": {
                "value": 1800
              },
              "fontStyle": {
                "value": "bold"
              },
              "fontSize": {
                "value": 16
              },
              "fontFamily": {
                "value": "sans-serif"
              },
              "cornerRadius": {
                "value": 8
              }
            },
            "status": "configured",
            "idUnique": "xhkxlye5xg"
          },
          "position": {
            "x": 595,
            "y": 214
          },
          "group": "nodes",
          "removed": false,
          "selected": false,
          "selectable": true,
          "locked": false,
          "grabbable": true,
          "pannable": false,
          "classes": ""
        },
        {
          "data": {
            "id": "uawb305cm5",
            "nodeType": "ANNOTATION",
            "name": "Annotation",
            "connectionId": "921bfae85c38ed45045e07be703d86b8",
            "connectorId": "annotationConnector",
            "capabilityName": "updateAnnotationProperties",
            "type": "action",
            "properties": {
              "backgroundColor": {
                "value": "#f2f3f4ff"
              },
              "annotationTextColor": {
                "value": "#000000"
              },
              "annotation": {
                "value": "Retrieve Existing Account Settings"
              },
              "width": {
                "value": 240
              },
              "fontSize": {
                "value": 14
              },
              "fontFamily": {
                "value": "sans-serif"
              },
              "cornerRadius": {
                "value": 8
              },
              "strokeEnabled": {
                "value": true
              },
              "strokeWidth": {
                "value": 1
              },
              "strokeColor": {
                "value": "#181818ff"
              }
            },
            "status": "configured",
            "idUnique": "xo4diduvre"
          },
          "position": {
            "x": 895,
            "y": 424
          },
          "group": "nodes",
          "removed": false,
          "selected": false,
          "selectable": true,
          "locked": false,
          "grabbable": true,
          "pannable": false,
          "classes": ""
        },
        {
          "data": {
            "id": "zv29ltkwbj",
            "nodeType": "ANNOTATION",
            "name": "Annotation",
            "connectionId": "921bfae85c38ed45045e07be703d86b8",
            "connectorId": "annotationConnector",
            "capabilityName": "updateAnnotationProperties",
            "type": "action",
            "properties": {
              "backgroundColor": {
                "value": "#f2f3f4ff"
              },
              "annotationTextColor": {
                "value": "#000000"
              },
              "annotation": {
                "value": "BX Finance Account Settings"
              },
              "width": {
                "value": 240
              },
              "fontSize": {
                "value": 14
              },
              "fontFamily": {
                "value": "sans-serif"
              },
              "cornerRadius": {
                "value": 8
              },
              "strokeEnabled": {
                "value": true
              },
              "strokeWidth": {
                "value": 1
              },
              "strokeColor": {
                "value": "#181818ff"
              }
            },
            "status": "configured",
            "idUnique": "7ii7g2vgln"
          },
          "position": {
            "x": 1551,
            "y": 420
          },
          "group": "nodes",
          "removed": false,
          "selected": false,
          "selectable": true,
          "locked": false,
          "grabbable": true,
          "pannable": false,
          "classes": ""
        },
        {
          "data": {
            "id": "m1yvtes9cv",
            "nodeType": "ANNOTATION",
            "name": "Annotation",
            "connectionId": "921bfae85c38ed45045e07be703d86b8",
            "connectorId": "annotationConnector",
            "capabilityName": "updateAnnotationProperties",
            "type": "action",
            "properties": {
              "backgroundColor": {
                "value": "#f2f3f4ff"
              },
              "annotationTextColor": {
                "value": "#000000"
              },
              "annotation": {
                "value": "Save Updated Account Settings"
              },
              "width": {
                "value": 240
              },
              "fontSize": {
                "value": 14
              },
              "fontFamily": {
                "value": "sans-serif"
              },
              "cornerRadius": {
                "value": 8
              },
              "strokeEnabled": {
                "value": true
              },
              "strokeWidth": {
                "value": 1
              },
              "strokeColor": {
                "value": "#181818ff"
              }
            },
            "status": "configured",
            "idUnique": "gyebrgwr83"
          },
          "position": {
            "x": 1874,
            "y": 1020
          },
          "group": "nodes",
          "removed": false,
          "selected": false,
          "selectable": true,
          "locked": false,
          "grabbable": true,
          "pannable": false,
          "classes": ""
        },
        {
          "data": {
            "id": "0d5jdpwm0g",
            "nodeType": "ANNOTATION",
            "name": "Annotation",
            "connectionId": "921bfae85c38ed45045e07be703d86b8",
            "connectorId": "annotationConnector",
            "capabilityName": "updateAnnotationProperties",
            "type": "action",
            "properties": {
              "backgroundColor": {
                "value": "#fffaa0ff"
              },
              "annotationTextColor": {
                "value": "#000000"
              },
              "annotation": {
                "value": "Input Schema: flowParameters"
              },
              "width": {
                "value": 400
              },
              "fontSize": {
                "value": 14
              },
              "fontFamily": {
                "value": "sans-serif"
              },
              "cornerRadius": {
                "value": 8
              },
              "strokeEnabled": {
                "value": false
              },
              "strokeWidth": {
                "value": 1
              },
              "strokeColor": {
                "value": "#181818ff"
              }
            },
            "status": "configured",
            "idUnique": "8ey5bjs1se"
          },
          "position": {
            "x": 595,
            "y": 244
          },
          "group": "nodes",
          "removed": false,
          "selected": false,
          "selectable": true,
          "locked": false,
          "grabbable": true,
          "pannable": false,
          "classes": ""
        },
        {
          "data": {
            "id": "zs4k3pu9zg",
            "nodeType": "EVAL",
            "label": "Evaluator",
            "properties": {
              "0jgedywikj": {
                "value": "allTriggersFalse"
              }
            },
            "idUnique": "ggmzpw44fw"
          },
          "position": {
            "x": 1161,
            "y": 540
          },
          "group": "nodes",
          "removed": false,
          "selected": false,
          "selectable": true,
          "locked": false,
          "grabbable": true,
          "pannable": false,
          "classes": ""
        },
        {
          "data": {
            "id": "y9l1q1bsrj",
            "nodeType": "CONNECTION",
            "connectionId": "de650ca45593b82c49064ead10b9fe17",
            "connectorId": "functionsConnector",
            "name": "Functions",
            "label": "Functions",
            "status": "configured",
            "capabilityName": "customFunction",
            "type": "trigger",
            "properties": {
              "nodeTitle": {
                "value": "Get Custom Attributes Values"
              },
              "outputSchema": {
                "value": "{\n\t\"output\": {\n\t\t\"type\": \"object\",\n\t\t\"properties\": {\n\t\t\t\"isPaymentEnabled\": {\n\t\t\t\t\"type\": \"string\"\n\t\t\t},\n\t\t\t\"paymentApprovalLimit\": {\n\t\t\t\t\"type\": \"number\"\n\t\t\t},\n\t\t\t\"paymentLimit\": {\n\t\t\t\t\"type\": \"number\"\n\t\t\t},\n\t\t\t\"viewCreditCard\": {\n\t\t\t\t\"type\": \"string\"\n\t\t\t},\n\t\t\t\"viewJointAccount\": {\n\t\t\t\t\"type\": \"string\"\n\t\t\t},\n\t\t\t\"viewMortgage\": {\n\t\t\t\t\"type\": \"string\"\n\t\t\t}\n\t\t}\n\t}\n}"
              },
              "code": {
                "value": "\nmodule.exports = a = async ({params}) => {\n\tconst visibleAccounts = params.user.thirdPartyAccess.accessSettings.visibleAccounts;\n\tconst maskedAccounts = params.user.thirdPartyAccess.accessSettings.maskedAccounts;\n\n\tlet viewCreditCard = \"hidden\";\n\tlet viewJointAccount = \"hidden\";\n\tlet viewMortgage = \"hidden\";\n\n\tvisibleAccounts.forEach(account => {\n\t\tif(account === 4876) {\n\t\t\tviewCreditCard = \"visible\";\n\t\t} \n\t\tif(account === 4877) {\n\t\t\tviewJointAccount = \"visible\";\n\t\t} \n\t\tif(account === 4878) {\n\t\t\tviewMortgage = \"visible\";\n\t\t} \n\t})\n\n\tmaskedAccounts.forEach(account => {\n\t\tif(account === 4876) {\n\t\t\tviewCreditCard = \"masked\";\n\t\t} \n\t\tif(account === 4877) {\n\t\t\tviewJointAccount = \"masked\";\n\t\t} \n\t\tif(account === 4878) {\n\t\t\tviewMortgage = \"masked\";\n\t\t} \n\t})\n\n\treturn {\n\t\t'isPaymentEnabled': params.user.isPaymentEnabled, \n\t\t'paymentApprovalLimit': params.user.paymentApprovalLimit, \n\t\t'paymentLimit': params.user.paymentLimit,\n\t\t'viewCreditCard': viewCreditCard,\n\t\t'viewJointAccount': viewJointAccount,\n\t\t'viewMortgage': viewMortgage,\n\t\t};\n}"
              },
              "variableInputList": {
                "value": [
                  {
                    "name": "user",
                    "preferredDataType": "object",
                    "value": "[\n  {\n    \"children\": [\n      {\n        \"text\": \"\"\n      },\n      {\n        \"text\": \"\"\n      },\n      {\n        \"text\": \"\"\n      },\n      {\n        \"text\": \"\"\n      },\n      {\n        \"text\": \"\"\n      },\n      {\n        \"type\": \"moustache\",\n        \"data\": \"{{local.3hubnf74rl.payload.output.user}}\",\n        \"name\": \"user\",\n        \"children\": [\n          {\n            \"text\": \"\"\n          }\n        ]\n      },\n      {\n        \"text\": \"\"\n      },\n      {\n        \"text\": \"\"\n      }\n    ]\n  }\n]"
                  }
                ]
              },
              "nodeDescription": {
                "value": "These attributes store account setting for that user"
              }
            },
            "idUnique": "7n63x16mpu"
          },
          "position": {
            "x": 1341,
            "y": 540
          },
          "group": "nodes",
          "removed": false,
          "selected": false,
          "selectable": true,
          "locked": false,
          "grabbable": true,
          "pannable": false,
          "classes": ""
        },
        {
          "data": {
            "id": "w5eoxsebst",
            "nodeType": "EVAL",
            "properties": {
              "sane95rzun": {
                "value": "allTriggersFalse"
              }
            },
            "idUnique": "srx3qu4hde"
          },
          "position": {
            "x": 1491,
            "y": 540
          },
          "group": "nodes",
          "removed": false,
          "selected": false,
          "selectable": true,
          "locked": false,
          "grabbable": true,
          "pannable": false,
          "classes": ""
        },
        {
          "data": {
            "id": "mbejnvxqd9",
            "nodeType": "ANNOTATION",
            "name": "Annotation",
            "connectionId": "921bfae85c38ed45045e07be703d86b8",
            "connectorId": "annotationConnector",
            "capabilityName": "updateAnnotationProperties",
            "type": "action",
            "properties": {
              "backgroundColor": {
                "value": "#f2f3f4ff"
              },
              "annotationTextColor": {
                "value": "#000000"
              },
              "annotation": {
                "value": "Retrieve Custom Attributes"
              },
              "width": {
                "value": 240
              },
              "fontSize": {
                "value": 14
              },
              "fontFamily": {
                "value": "sans-serif"
              },
              "cornerRadius": {
                "value": 8
              },
              "strokeEnabled": {
                "value": true
              },
              "strokeWidth": {
                "value": 1
              },
              "strokeColor": {
                "value": "#181818ff"
              }
            },
            "status": "configured",
            "idUnique": "dcugsm2lw6"
          },
          "position": {
            "x": 1221,
            "y": 420
          },
          "group": "nodes",
          "removed": false,
          "selected": false,
          "selectable": true,
          "locked": false,
          "grabbable": true,
          "pannable": false,
          "classes": ""
        },
        {
          "data": {
            "id": "0jgedywikj",
            "nodeType": "CONNECTION",
            "connectionId": "53ab83a4a4ab919d9f2cb02d9e111ac8",
            "connectorId": "errorConnector",
            "name": "Error Message",
            "label": "errorConnector",
            "status": "configured",
            "capabilityName": "customErrorMessage",
            "type": "action",
            "properties": {
              "nodeTitle": {
                "value": "Unexpected Error"
              },
              "errorMessage": {
                "value": "[\n  {\n    \"children\": [\n      {\n        \"text\": \"\"\n      },\n      {\n        \"text\": \"\"\n      },\n      {\n        \"type\": \"link\",\n        \"src\": \"pingIdentity.svg\",\n        \"url\": \"message\",\n        \"data\": \"{{local.3hubnf74rl.payload.error.message}}\",\n        \"tooltip\": \"{{local.3hubnf74rl.payload.error.message}}\",\n        \"children\": [\n          {\n            \"text\": \"message\"\n          }\n        ]\n      },\n      {\n        \"text\": \"\"\n      },\n      {\n        \"text\": \"\"\n      }\n    ]\n  }\n]"
              },
              "backgroundColor": {
                "value": "#ffc8c1ff"
              },
              "oeInteractionCacheExpire": {
                "value": true
              }
            },
            "idUnique": "ajlmfx7hca",
            "isDisabled": false
          },
          "position": {
            "x": 1341,
            "y": 750
          },
          "group": "nodes",
          "removed": false,
          "selected": false,
          "selectable": true,
          "locked": false,
          "grabbable": true,
          "pannable": false,
          "classes": ""
        },
        {
          "data": {
            "id": "cfxqiopf3n",
            "nodeType": "CONNECTION",
            "connectionId": "867ed4363b2bc21c860085ad2baa817d",
            "connectorId": "httpConnector",
            "name": "Http",
            "label": "Generic HTTP",
            "status": "configured",
            "capabilityName": "createSuccessResponse",
            "type": "action",
            "properties": {
              "customHTML": {
                "value": "[\n  {\n    \"children\": [\n      {\n        \"text\": \"<center><h1>Success!!</h1></center>\"\n      }\n    ]\n  }\n]"
              },
              "nodeTitle": {
                "value": "Success"
              },
              "customScript": {
                "value": "var currentURL = window.location.href;\nvar profURL = currentURL.split(\"&ManageMyProfilePolicyKeyOverride=\");\nvar splitURL = currentURL.split(\"?\")\nvar redirectURL = splitURL[0] + '/admin?dvparam_username=' + \"{{local.howu8n9hsc.payload.output.username}}\" + \"&ManageMyProfilePolicyKeyOverride=\" + profURL[1];\nconsole.log(\"HELLO\");\nconsole.log(profURL[1])\nconsole.log(\"{{local.howu8n9hsc.payload.output.username}}\")\nconsole.log(redirectURL)\n\nwindow.location.replace(redirectURL);\n"
              },
              "formFieldsList": {
                "value": [
                  {
                    "propertyName": "username",
                    "preferredControlType": "textField",
                    "preferredDataType": "string",
                    "value": "[\n  {\n    \"children\": [\n      {\n        \"text\": \"\"\n      },\n      {\n        \"text\": \"\"\n      },\n      {\n        \"type\": \"link\",\n        \"src\": \"http.svg\",\n        \"url\": \"username\",\n        \"data\": \"{{local.howu8n9hsc.payload.output.username}}\",\n        \"tooltip\": \"{{local.howu8n9hsc.payload.output.username}}\",\n        \"children\": [\n          {\n            \"text\": \"username\"\n          }\n        ]\n      },\n      {\n        \"text\": \"\"\n      }\n    ]\n  }\n]",
                    "hashedVisibility": false
                  }
                ]
              },
              "claimsNameValuePairs": {
                "value": [
                  {
                    "name": null,
                    "value": "[\n  {\n    \"children\": [\n      {\n        \"text\": \"\"\n      },\n      {\n        \"text\": \"\"\n      },\n      {\n        \"type\": \"link\",\n        \"src\": \"http.svg\",\n        \"url\": \"username\",\n        \"data\": \"{{local.nhz09nikmk.payload.output.username}}\",\n        \"tooltip\": \"{{local.nhz09nikmk.payload.output.username}}\",\n        \"children\": [\n          {\n            \"text\": \"username\"\n          }\n        ]\n      },\n      {\n        \"text\": \"\"\n      }\n    ]\n  }\n]",
                    "key": 0.8632441771248274,
                    "type": "string",
                    "nameDefault": "username"
                  }
                ]
              },
              "oeInteractionCacheExpire": {
                "value": true
              }
            },
            "idUnique": "6t54cyd3f1"
          },
          "position": {
            "x": 2791.824559569085,
            "y": 1507.4270822441442
          },
          "group": "nodes",
          "removed": false,
          "selected": false,
          "selectable": true,
          "locked": false,
          "grabbable": true,
          "pannable": false,
          "classes": ""
        },
        {
          "data": {
            "id": "zdgxcateqx",
            "nodeType": "CONNECTION",
            "connectionId": "06922a684039827499bdbdd97f49827b",
            "connectorId": "variablesConnector",
            "name": "Variables",
            "label": "Variables",
            "status": "configured",
            "capabilityName": "saveValue",
            "type": "trigger",
            "properties": {
              "saveVariables": {
                "value": [
                  {
                    "name": "P1UserEmail",
                    "value": "[\n  {\n    \"children\": [\n      {\n        \"text\": \"\"\n      },\n      {\n        \"text\": \"\"\n      },\n      {\n        \"type\": \"link\",\n        \"src\": \"functions.svg\",\n        \"url\": \"username\",\n        \"data\": \"{{local.gd0040i0t.payload.output.username}}\",\n        \"tooltip\": \"{{local.gd0040i0t.payload.output.username}}\",\n        \"children\": [\n          {\n            \"text\": \"username\"\n          }\n        ]\n      },\n      {\n        \"text\": \"\"\n      }\n    ]\n  }\n]",
                    "key": 0.7873795670780919,
                    "label": "P1UserEmail (string - flowInstance)",
                    "type": "string",
                    "nameDefault": "username"
                  }
                ]
              }
            },
            "idUnique": "kh55hipt45"
          },
          "position": {
            "x": 741,
            "y": 540
          },
          "group": "nodes",
          "removed": false,
          "selected": false,
          "selectable": true,
          "locked": false,
          "grabbable": true,
          "pannable": false,
          "classes": ""
        },
        {
          "data": {
            "id": "j2wzxgr7bp",
            "nodeType": "EVAL",
            "idUnique": "oy24qc55em"
          },
          "position": {
            "x": 861,
            "y": 540
          },
          "group": "nodes",
          "removed": false,
          "selected": false,
          "selectable": true,
          "locked": false,
          "grabbable": true,
          "pannable": false,
          "classes": ""
        },
        {
          "data": {
            "id": "9vvopwp191",
            "nodeType": "CONNECTION",
            "connectionId": "de650ca45593b82c49064ead10b9fe17",
            "connectorId": "functionsConnector",
            "name": "Functions",
            "label": "Function",
            "status": "configured",
            "capabilityName": "customFunction",
            "type": "trigger",
            "properties": {
              "nodeTitle": {
                "value": "Convert User Provided Settings"
              },
              "nodeDescription": {
                "value": "Account Settings Third Party Access checkboxes selection conversion to P1 Attributes"
              },
              "outputSchema": {
                "value": "{\n\t\"output\": {\n\t\t\"type\": \"object\",\n\t\t\"properties\": {\n\t\t\t\"thirdPartyAccess\": {\n\t\t\t\t\"type\": \"object\",\n\t\t\t\t\"properties\": {\n\t\t\t\t\t\"username\": {\n\t\t\t\t\t\t\"type\": \"string\"\n\t\t\t\t\t},\n\t\t\t\t\t\"accessSettings\": {\n\t\t\t\t\t\t\"type\": \"object\",\n\t\t\t\t\t\t\"properties\": {\n\t\t\t\t\t\t\t\"visibleAccounts\": {\n\t\t\t\t\t\t\t\t\"type\": \"array\"\n\t\t\t\t\t\t\t},\n\t\t\t\t\t\t\t\"maskedAccounts\": {\n\t\t\t\t\t\t\t\t\"type\": \"array\"\n\t\t\t\t\t\t\t}\n\t\t\t\t\t\t}\n\t\t\t\t\t}\n\t\t\t\t}\n\t\t\t}\n\t\t}\n\t}\n}"
              },
              "variableInputList": {
                "value": [
                  {
                    "name": "viewCreditCard",
                    "preferredDataType": "string",
                    "value": "[\n  {\n    \"children\": [\n      {\n        \"text\": \"\"\n      },\n      {\n        \"text\": \"\"\n      },\n      {\n        \"type\": \"link\",\n        \"src\": \"http.svg\",\n        \"url\": \"viewCreditCard\",\n        \"data\": \"{{local.rw4op4n2cn.payload.output.viewCreditCard}}\",\n        \"tooltip\": \"{{local.rw4op4n2cn.payload.output.viewCreditCard}}\",\n        \"children\": [\n          {\n            \"text\": \"viewCreditCard\"\n          }\n        ]\n      },\n      {\n        \"text\": \"\"\n      }\n    ]\n  }\n]"
                  },
                  {
                    "name": "viewJointAccount",
                    "preferredDataType": "string",
                    "value": "[\n  {\n    \"children\": [\n      {\n        \"text\": \"\"\n      },\n      {\n        \"text\": \"\"\n      },\n      {\n        \"type\": \"link\",\n        \"src\": \"http.svg\",\n        \"url\": \"viewJointAccount\",\n        \"data\": \"{{local.rw4op4n2cn.payload.output.viewJointAccount}}\",\n        \"tooltip\": \"{{local.rw4op4n2cn.payload.output.viewJointAccount}}\",\n        \"children\": [\n          {\n            \"text\": \"viewJointAccount\"\n          }\n        ]\n      },\n      {\n        \"text\": \"\"\n      }\n    ]\n  }\n]"
                  },
                  {
                    "name": "viewMortgage",
                    "preferredDataType": "string",
                    "value": "[\n  {\n    \"children\": [\n      {\n        \"text\": \"\"\n      },\n      {\n        \"text\": \"\"\n      },\n      {\n        \"type\": \"link\",\n        \"src\": \"http.svg\",\n        \"url\": \"viewMortgage\",\n        \"data\": \"{{local.rw4op4n2cn.payload.output.viewMortgage}}\",\n        \"tooltip\": \"{{local.rw4op4n2cn.payload.output.viewMortgage}}\",\n        \"children\": [\n          {\n            \"text\": \"viewMortgage\"\n          }\n        ]\n      },\n      {\n        \"text\": \"\"\n      }\n    ]\n  }\n]"
                  }
                ]
              },
              "code": {
                "value": "module.exports = a = async ({params}) => {\n\n\tlet viewCreditCard = params.viewCreditCard;\n\tlet viewJointAccount = params.viewJointAccount;\n\tlet viewMortgage = params.viewMortgage;\n\n\tlet visibleAccounts = [0001];\n\tlet maskedAccounts = [0001];\t\n\n\tswitch(viewCreditCard) {\n\t\tcase \"visible\": {\n\t\t\tvisibleAccounts.push(4876);\n\t\t\tbreak;\n\t\t}\n\t\tcase \"masked\": {\n\t\t\tvisibleAccounts.push(4876);\n\t\t\tmaskedAccounts.push(4876);\n\t\t\tbreak;\n\t\t}\n\t}\n\n\tswitch(viewJointAccount) {\n\t\tcase \"visible\": {\n\t\t\tvisibleAccounts.push(4877);\n\t\t\tbreak;\n\t\t}\n\t\tcase \"masked\": {\n\t\t\tvisibleAccounts.push(4877);\n\t\t\tmaskedAccounts.push(4877);\n\t\t\tbreak;\n\t\t}\n\t}\n\t\n\tswitch(viewMortgage) {\n\t\tcase \"visible\": {\n\t\t\tvisibleAccounts.push(4878);\n\t\t\tbreak;\n\t\t}\n\t\tcase \"masked\": {\n\t\t\tvisibleAccounts.push(4878);\n\t\t\tmaskedAccounts.push(4878);\n\t\t\tbreak;\n\t\t}\n\t}\n\n\tthirdPartyAccess = {\n\t\t\"username\": \"AnyWealthAdvisor@pingidentity.com\",\n\t\t\"accessSettings\": {\n\t\t\t\"visibleAccounts\": visibleAccounts,\n\t\t\t\"maskedAccounts\": maskedAccounts\n\t\t}\n\t}\n\n\treturn {'thirdPartyAccess': thirdPartyAccess};\n}"
              }
            },
            "idUnique": "wzczk214c4"
          },
          "position": {
            "x": 2054,
            "y": 1140
          },
          "group": "nodes",
          "removed": false,
          "selected": false,
          "selectable": true,
          "locked": false,
          "grabbable": true,
          "pannable": false,
          "classes": ""
        },
        {
          "data": {
            "id": "whhwlb1iv5",
            "nodeType": "EVAL",
            "idUnique": "i1aefy7nvi"
          },
          "position": {
            "x": 2183.564508838992,
            "y": 1137.1818339736526
          },
          "group": "nodes",
          "removed": false,
          "selected": false,
          "selectable": true,
          "locked": false,
          "grabbable": true,
          "pannable": false,
          "classes": ""
        },
        {
          "data": {
            "id": "n62l6224ye",
            "nodeType": "ANNOTATION",
            "name": "Annotation",
            "connectionId": "921bfae85c38ed45045e07be703d86b8",
            "connectorId": "annotationConnector",
            "capabilityName": "updateAnnotationProperties",
            "type": "action",
            "properties": {
              "backgroundColor": {
                "value": "#f2f3f4ff"
              },
              "annotationTextColor": {
                "value": "#000000"
              },
              "annotation": {
                "value": "We need to compose arrays of visible and masked accounts to be stored in user. The UI form gives us dropdowns and this has to be converted into array of IDs"
              },
              "width": {
                "value": 300
              },
              "fontSize": {
                "value": 14
              },
              "fontFamily": {
                "value": "sans-serif"
              },
              "cornerRadius": {
                "value": 8
              },
              "strokeEnabled": {
                "value": true
              },
              "strokeWidth": {
                "value": 1
              },
              "strokeColor": {
                "value": "#181818ff"
              },
              "height": {
                "value": 75
              }
            },
            "status": "configured",
            "idUnique": "45pvhgj4u2"
          },
          "position": {
            "x": 1847,
            "y": 390
          },
          "group": "nodes",
          "removed": false,
          "selected": false,
          "selectable": true,
          "locked": false,
          "grabbable": true,
          "pannable": false,
          "classes": ""
        },
        {
          "data": {
            "id": "e1fb7hu0j2",
            "nodeType": "CONNECTION",
            "connectionId": "53ab83a4a4ab919d9f2cb02d9e111ac8",
            "connectorId": "errorConnector",
            "name": "Error Message",
            "label": "Error Message",
            "status": "configured",
            "capabilityName": "customErrorMessage",
            "type": "action",
            "properties": {
              "errorCode": {
                "value": "400"
              },
              "errorReason": {
                "value": "[\n  {\n    \"children\": [\n      {\n        \"text\": \"Cannot be nagitive\"\n      }\n    ]\n  }\n]"
              },
              "errorMessage": {
                "value": "[\n  {\n    \"children\": [\n      {\n        \"text\": \"Approval value must be greater than 0 \"\n      },\n      {\n        \"text\": \"and transaction limit must be in range between 10 and 20000 included.\"\n      }\n    ]\n  }\n]"
              }
            },
            "idUnique": "biugya4rxv"
          },
          "position": {
            "x": 2054,
            "y": 1320
          },
          "group": "nodes",
          "removed": false,
          "selected": false,
          "selectable": true,
          "locked": false,
          "grabbable": true,
          "pannable": false,
          "classes": ""
        },
        {
          "data": {
            "id": "op1nk4fw0p",
            "nodeType": "EVAL",
            "properties": {
              "e1fb7hu0j2": {
                "value": "anyTriggersFalse"
              }
            },
            "idUnique": "9ssiozgxlr"
          },
          "position": {
            "x": 1874,
            "y": 1140
          },
          "group": "nodes",
          "removed": false,
          "selected": false,
          "selectable": true,
          "locked": false,
          "grabbable": true,
          "pannable": false,
          "classes": ""
        },
        {
          "data": {
            "id": "v0mf33o54s",
            "nodeType": "CONNECTION",
            "connectionId": "de650ca45593b82c49064ead10b9fe17",
            "connectorId": "functionsConnector",
            "name": "Functions",
            "label": "Functions",
            "status": "configured",
            "capabilityName": "AEqualsMultipleB",
            "type": "trigger",
            "properties": {
              "leftValueA": {
                "value": "[\n  {\n    \"children\": [\n      {\n        \"text\": \"\"\n      },\n      {\n        \"text\": \"\"\n      },\n      {\n        \"type\": \"link\",\n        \"src\": \"http.svg\",\n        \"url\": \"buttonValue\",\n        \"data\": \"{{local.rw4op4n2cn.payload.output.buttonValue}}\",\n        \"tooltip\": \"{{local.rw4op4n2cn.payload.output.buttonValue}}\",\n        \"children\": [\n          {\n            \"text\": \"buttonValue\"\n          }\n        ]\n      },\n      {\n        \"text\": \"\"\n      }\n    ]\n  }\n]"
              },
              "rightValueMultiple": {
                "value": [
                  {
                    "value": "[\n  {\n    \"children\": [\n      {\n        \"text\": \"submit\"\n      }\n    ]\n  }\n]",
                    "id": "7drazi8dc4"
                  },
                  {
                    "value": "[\n  {\n    \"children\": [\n      {\n        \"text\": \"cancel\"\n      }\n    ]\n  }\n]",
                    "id": "f8fljf6htt"
                  }
                ]
              }
            },
            "idUnique": "qz3xmr4eg2"
          },
          "position": {
            "x": 577,
            "y": 1140
          },
          "group": "nodes",
          "removed": false,
          "selected": false,
          "selectable": true,
          "locked": false,
          "grabbable": true,
          "pannable": false,
          "classes": ""
        },
        {
          "data": {
            "id": "eg6f2yyh4e",
            "nodeType": "EVAL",
            "idUnique": "pl69yvmsee"
          },
          "position": {
            "x": 1879.4087980780728,
            "y": 542.1362660260243
          },
          "group": "nodes",
          "removed": false,
          "selected": false,
          "selectable": true,
          "locked": false,
          "grabbable": true,
          "pannable": false,
          "classes": ""
        },
        {
          "data": {
            "id": "57oj4gxf76",
            "nodeType": "EVAL",
            "idUnique": "2bptlc85cz"
          },
          "position": {
            "x": 1394,
            "y": 1500
          },
          "group": "nodes",
          "removed": false,
          "selected": false,
          "selectable": true,
          "locked": false,
          "grabbable": true,
          "pannable": false,
          "classes": ""
        },
        {
          "data": {
            "id": "0m4k1pyxfx",
            "nodeType": "EVAL",
            "idUnique": "5tl69qhjng"
          },
          "position": {
            "x": 397,
            "y": 1140
          },
          "group": "nodes",
          "removed": false,
          "selected": false,
          "selectable": true,
          "locked": false,
          "grabbable": true,
          "pannable": false,
          "classes": ""
        },
        {
          "data": {
            "id": "gd0040i0t",
            "nodeType": "CONNECTION",
            "connectionId": "de650ca45593b82c49064ead10b9fe17",
            "connectorId": "functionsConnector",
            "name": "Functions",
            "label": "Functions",
            "status": "configured",
            "capabilityName": "customFunction",
            "type": "trigger",
            "properties": {
              "code": {
                "value": "// Write your code here\n// Supported language: Javascript \nmodule.exports = a = async ({params}) => {\n\treturn {'username': params.flowParameters.username}\n}"
              },
              "outputSchema": {
                "value": "{\n\t\"output\": {\n\t\t\"type\": \"object\",\n\t\t\"properties\": {\n\t\t\t\"username\": {\n\t\t\t\t\"type\": \"string\"\n\t\t\t}\n\t\t}\n\t}\n}"
              },
              "variableInputList": {
                "value": [
                  {
                    "name": "flowParameters",
                    "preferredDataType": "object",
                    "value": "[\n  {\n    \"children\": [\n      {\n        \"text\": \"\"\n      },\n      {\n        \"text\": \"\"\n      },\n      {\n        \"type\": \"link\",\n        \"src\": \"auth.svg\",\n        \"url\": \"flowParameters\",\n        \"data\": \"{{global.parameters.flowParameters}}\",\n        \"tooltip\": \"{{global.parameters.flowParameters}}\",\n        \"children\": [\n          {\n            \"text\": \"flowParameters\"\n          }\n        ]\n      },\n      {\n        \"text\": \"\"\n      }\n    ]\n  }\n]"
                  }
                ]
              },
              "nodeTitle": {
                "value": "Extract Flow Parameters"
              }
            },
            "idUnique": "tkhkryrk0f"
          },
          "position": {
            "x": 471,
            "y": 540
          },
          "group": "nodes",
          "removed": false,
          "selected": false,
          "selectable": true,
          "locked": false,
          "grabbable": true,
          "pannable": false,
          "classes": ""
        },
        {
          "data": {
            "id": "yvjpqn9gkz",
            "nodeType": "EVAL",
            "idUnique": "e96cncag1k"
          },
          "position": {
            "x": 576,
            "y": 540
          },
          "group": "nodes",
          "removed": false,
          "selected": false,
          "selectable": true,
          "locked": false,
          "grabbable": true,
          "pannable": false,
          "classes": ""
        },
        {
          "data": {
            "id": "guy2x0876y",
            "nodeType": "CONNECTION",
            "connectionId": "de650ca45593b82c49064ead10b9fe17",
            "connectorId": "functionsConnector",
            "name": "Functions",
            "label": "Functions",
            "status": "configured",
            "capabilityName": "customFunction",
            "type": "trigger",
            "properties": {
              "variableInputList": {
                "value": [
                  {
                    "name": "transactionLimit",
                    "preferredDataType": "number",
                    "value": "[\n  {\n    \"children\": [\n      {\n        \"text\": \"\"\n      },\n      {\n        \"text\": \"\"\n      },\n      {\n        \"type\": \"link\",\n        \"src\": \"http.svg\",\n        \"url\": \"transaction-limit\",\n        \"data\": \"{{local.rw4op4n2cn.payload.output.transaction-limit}}\",\n        \"tooltip\": \"{{local.rw4op4n2cn.payload.output.transaction-limit}}\",\n        \"children\": [\n          {\n            \"text\": \"transaction-limit\"\n          }\n        ]\n      },\n      {\n        \"text\": \"\"\n      }\n    ]\n  }\n]"
                  },
                  {
                    "name": "approvalLimit",
                    "preferredDataType": "number",
                    "value": "[\n  {\n    \"children\": [\n      {\n        \"text\": \"\"\n      },\n      {\n        \"text\": \"\"\n      },\n      {\n        \"type\": \"link\",\n        \"src\": \"http.svg\",\n        \"url\": \"approval-limit\",\n        \"data\": \"{{local.rw4op4n2cn.payload.output.approval-limit}}\",\n        \"tooltip\": \"{{local.rw4op4n2cn.payload.output.approval-limit}}\",\n        \"children\": [\n          {\n            \"text\": \"approval-limit\"\n          }\n        ]\n      },\n      {\n        \"text\": \"\"\n      }\n    ]\n  }\n]"
                  }
                ]
              },
              "code": {
                "value": "// Write your code here\n// Supported language: Javascript \nmodule.exports = a = async ({params}) => {\n\n\treturn {'isValid': params.approvalLimit > 0 && params.transactionLimit >= 10 && params.transactionLimit <= 20000}\n}"
              },
              "outputSchema": {
                "value": "{\n\t\"output\": {\n\t\t\"type\": \"object\",\n\t\t\"properties\": {\n\t\t\t\"isValid\": {\n\t\t\t\t\"type\": \"boolean\"\n\t\t\t}\n\t\t}\n\t}\n}"
              },
              "nodeTitle": {
                "value": "Validate Transaction and Approval Limit"
              }
            },
            "idUnique": "rilhvi614r"
          },
          "position": {
            "x": 1484,
            "y": 1140
          },
          "group": "nodes",
          "removed": false,
          "selected": false,
          "selectable": true,
          "locked": false,
          "grabbable": true,
          "pannable": false,
          "classes": ""
        },
        {
          "data": {
            "id": "7d94iyqoaj",
            "nodeType": "EVAL",
            "label": "Evaluator",
            "idUnique": "6iz3kqwod7",
            "properties": {
              "0w0xwv4zsx": {
                "value": "allTriggersFalse"
              }
            }
          },
          "position": {
            "x": 1604,
            "y": 1140
          },
          "group": "nodes",
          "removed": false,
          "selected": false,
          "selectable": true,
          "locked": false,
          "grabbable": true,
          "pannable": false,
          "classes": ""
        },
        {
          "data": {
            "id": "dzyj09ps2i",
            "nodeType": "CONNECTION",
            "connectionId": "de650ca45593b82c49064ead10b9fe17",
            "connectorId": "functionsConnector",
            "name": "Functions",
            "label": "Functions",
            "status": "configured",
            "capabilityName": "AEqualsB",
            "type": "trigger",
            "properties": {
              "leftValueA": {
                "value": "[\n  {\n    \"children\": [\n      {\n        \"text\": \"\"\n      },\n      {\n        \"text\": \"\"\n      },\n      {\n        \"type\": \"link\",\n        \"src\": \"functions.svg\",\n        \"url\": \"isValid\",\n        \"data\": \"{{local.guy2x0876y.payload.output.isValid}}\",\n        \"tooltip\": \"{{local.guy2x0876y.payload.output.isValid}}\",\n        \"children\": [\n          {\n            \"text\": \"isValid\"\n          }\n        ]\n      },\n      {\n        \"text\": \"\"\n      }\n    ]\n  }\n]"
              },
              "rightValueB": {
                "value": "[\n  {\n    \"children\": [\n      {\n        \"text\": \"true\"\n      }\n    ]\n  }\n]"
              },
              "type": {
                "value": "boolean"
              },
              "nodeTitle": {
                "value": "Validate evaluation"
              }
            },
            "idUnique": "dykx5cdpsh"
          },
          "position": {
            "x": 1754,
            "y": 1140
          },
          "group": "nodes",
          "removed": false,
          "selected": false,
          "selectable": true,
          "locked": false,
          "grabbable": true,
          "pannable": false,
          "classes": ""
        },
        {
          "data": {
            "id": "lo2rw10sgf",
            "nodeType": "ANNOTATION",
            "name": "Annotation",
            "connectionId": "921bfae85c38ed45045e07be703d86b8",
            "connectorId": "annotationConnector",
            "capabilityName": "updateAnnotationProperties",
            "type": "action",
            "properties": {
              "backgroundColor": {
                "value": "#f2f3f4ff"
              },
              "annotationTextColor": {
                "value": "#000000"
              },
              "annotation": {
                "value": "Validate Numerical Input Values"
              },
              "width": {
                "value": 330
              },
              "fontSize": {
                "value": 14
              },
              "fontFamily": {
                "value": "sans-serif"
              },
              "cornerRadius": {
                "value": 8
              },
              "strokeEnabled": {
                "value": true
              },
              "strokeWidth": {
                "value": 1
              },
              "strokeColor": {
                "value": "#181818ff"
              }
            },
            "status": "configured",
            "idUnique": "0zyvfn1mz6"
          },
          "position": {
            "x": 1394,
            "y": 1020
          },
          "group": "nodes",
          "removed": false,
          "selected": false,
          "selectable": true,
          "locked": false,
          "grabbable": true,
          "pannable": false,
          "classes": ""
        },
        {
          "data": {
            "id": "9g8ehwyuql",
            "nodeType": "CONNECTION",
            "connectionId": "e7eae662d2ca276e4c6f097fc36a3bb1",
            "connectorId": "nodeConnector",
            "name": "Node",
            "label": "Node",
            "status": "configured",
            "capabilityName": "startNode",
            "type": "trigger",
            "properties": {
              "nodeTitle": {
                "value": "Submit"
              }
            },
            "idUnique": "opxqt0904j"
          },
          "position": {
            "x": 277,
            "y": 1140
          },
          "group": "nodes",
          "removed": false,
          "selected": false,
          "selectable": true,
          "locked": false,
          "grabbable": true,
          "pannable": false,
          "classes": ""
        },
        {
          "data": {
            "id": "t3st2ibfgv",
            "nodeType": "CONNECTION",
            "connectionId": "e7eae662d2ca276e4c6f097fc36a3bb1",
            "connectorId": "nodeConnector",
            "name": "Node",
            "label": "Node",
            "status": "configured",
            "capabilityName": "goToNode",
            "type": "action",
            "properties": {
              "nodeInstanceId": {
                "value": "9g8ehwyuql"
              }
            },
            "idUnique": "7yaizsyip5"
          },
          "position": {
            "x": 2016.2999877929688,
            "y": 540.6000061035156
          },
          "group": "nodes",
          "removed": false,
          "selected": false,
          "selectable": true,
          "locked": false,
          "grabbable": true,
          "pannable": false,
          "classes": ""
        },
        {
          "data": {
            "id": "n8e7zbn94l",
            "nodeType": "CONNECTION",
            "connectionId": "de650ca45593b82c49064ead10b9fe17",
            "connectorId": "functionsConnector",
            "name": "Functions",
            "label": "Functions",
            "status": "configured",
            "capabilityName": "AEqualsB",
            "type": "trigger",
            "properties": {
              "type": {
                "value": "boolean"
              },
              "nodeTitle": {
                "value": "Validate approval and transaction values "
              },
              "leftValueA": {
                "value": "[\n  {\n    \"children\": [\n      {\n        \"text\": \"\"\n      },\n      {\n        \"text\": \"\"\n      },\n      {\n        \"type\": \"link\",\n        \"src\": \"functions.svg\",\n        \"url\": \"isValid\",\n        \"data\": \"{{local.50fchrjs6n.payload.output.isValid}}\",\n        \"tooltip\": \"{{local.50fchrjs6n.payload.output.isValid}}\",\n        \"children\": [\n          {\n            \"text\": \"isValid\"\n          }\n        ]\n      },\n      {\n        \"text\": \"\"\n      }\n    ]\n  }\n]"
              },
              "rightValueB": {
                "value": "[\n  {\n    \"children\": [\n      {\n        \"text\": \"true\"\n      }\n    ]\n  }\n]"
              }
            },
            "idUnique": "5ca9t3xgix"
          },
          "position": {
            "x": 1207,
            "y": 1140
          },
          "group": "nodes",
          "removed": false,
          "selected": false,
          "selectable": true,
          "locked": false,
          "grabbable": true,
          "pannable": false,
          "classes": ""
        },
        {
          "data": {
            "id": "w0wbc5ppnw",
            "nodeType": "EVAL",
            "idUnique": "x6yf38ilal"
          },
          "position": {
            "x": 757,
            "y": 1200
          },
          "group": "nodes",
          "removed": false,
          "selected": false,
          "selectable": true,
          "locked": false,
          "grabbable": true,
          "pannable": false,
          "classes": ""
        },
        {
          "data": {
            "id": "ekrmhmyx9c",
            "nodeType": "EVAL",
            "properties": {
              "kprq6xsypd": {
                "value": "allTriggersFalse"
              }
            },
            "idUnique": "ehv9d6uxxt"
          },
          "position": {
            "x": 1327,
            "y": 1140
          },
          "group": "nodes",
          "removed": false,
          "selected": false,
          "selectable": true,
          "locked": false,
          "grabbable": true,
          "pannable": false,
          "classes": ""
        },
        {
          "data": {
            "id": "kprq6xsypd",
            "nodeType": "CONNECTION",
            "connectionId": "53ab83a4a4ab919d9f2cb02d9e111ac8",
            "connectorId": "errorConnector",
            "name": "Error Message",
            "label": "Error Message",
            "status": "configured",
            "capabilityName": "customErrorMessage",
            "type": "action",
            "properties": {
              "errorCode": {
                "value": "400"
              },
              "errorReason": {
                "value": "[\n  {\n    \"children\": [\n      {\n        \"text\": \"\"\n      },\n      {\n        \"text\": \"Transaction limit must be greater than \"\n      },\n      {\n        \"text\": \"approval value\"\n      },\n      {\n        \"text\": \".\"\n      }\n    ]\n  }\n]"
              },
              "errorMessage": {
                "value": "[\n  {\n    \"children\": [\n      {\n        \"text\": \"\"\n      },\n      {\n        \"text\": \"Transaction limit must be greater than \"\n      },\n      {\n        \"text\": \"approval value\"\n      },\n      {\n        \"text\": \".\"\n      }\n    ]\n  }\n]"
              }
            },
            "idUnique": "obkcvbogob"
          },
          "position": {
            "x": 1477,
            "y": 1290
          },
          "group": "nodes",
          "removed": false,
          "selected": false,
          "selectable": true,
          "locked": false,
          "grabbable": true,
          "pannable": false,
          "classes": ""
        },
        {
          "data": {
            "id": "50fchrjs6n",
            "nodeType": "CONNECTION",
            "connectionId": "de650ca45593b82c49064ead10b9fe17",
            "connectorId": "functionsConnector",
            "name": "Functions",
            "label": "Functions",
            "status": "configured",
            "capabilityName": "customFunction",
            "type": "trigger",
            "properties": {
              "variableInputList": {
                "value": [
                  {
                    "name": "transactionLimit",
                    "preferredDataType": "number",
                    "value": "[\n  {\n    \"children\": [\n      {\n        \"text\": \"\"\n      },\n      {\n        \"text\": \"\"\n      },\n      {\n        \"type\": \"link\",\n        \"src\": \"http.svg\",\n        \"url\": \"transaction-limit\",\n        \"data\": \"{{local.rw4op4n2cn.payload.output.transaction-limit}}\",\n        \"tooltip\": \"{{local.rw4op4n2cn.payload.output.transaction-limit}}\",\n        \"children\": [\n          {\n            \"text\": \"transaction-limit\"\n          }\n        ]\n      },\n      {\n        \"text\": \"\"\n      }\n    ]\n  }\n]"
                  },
                  {
                    "name": "approvalLimit",
                    "preferredDataType": "number",
                    "value": "[\n  {\n    \"children\": [\n      {\n        \"text\": \"\"\n      },\n      {\n        \"text\": \"\"\n      },\n      {\n        \"type\": \"link\",\n        \"src\": \"http.svg\",\n        \"url\": \"approval-limit\",\n        \"data\": \"{{local.rw4op4n2cn.payload.output.approval-limit}}\",\n        \"tooltip\": \"{{local.rw4op4n2cn.payload.output.approval-limit}}\",\n        \"children\": [\n          {\n            \"text\": \"approval-limit\"\n          }\n        ]\n      },\n      {\n        \"text\": \"\"\n      }\n    ]\n  }\n]"
                  }
                ]
              },
              "code": {
                "value": "// Write your code here\n// Supported language: Javascript \nmodule.exports = a = async ({params}) => {\n\n\treturn {'isValid': params.transactionLimit >= params.approvalLimit}\n}"
              },
              "outputSchema": {
                "value": "{\n\t\"output\": {\n\t\t\"type\": \"object\",\n\t\t\"properties\": {\n\t\t\t\"isValid\": {\n\t\t\t\t\"type\": \"boolean\"\n\t\t\t}\n\t\t}\n\t}\n}"
              },
              "nodeTitle": {
                "value": "Validate Transaction and Approval Values"
              }
            },
            "idUnique": "y5dpv67cz5"
          },
          "position": {
            "x": 907,
            "y": 1140
          },
          "group": "nodes",
          "removed": false,
          "selected": false,
          "selectable": true,
          "locked": false,
          "grabbable": true,
          "pannable": false,
          "classes": ""
        },
        {
          "data": {
            "id": "jm9p03l875",
            "nodeType": "EVAL",
            "idUnique": "ua68g01mvz"
          },
          "position": {
            "x": 1057,
            "y": 1140
          },
          "group": "nodes",
          "removed": false,
          "selected": false,
          "selectable": true,
          "locked": false,
          "grabbable": true,
          "pannable": false,
          "classes": ""
        }
      ],
      "edges": [
        {
          "data": {
            "id": "8jnr1plaf0",
            "source": "zs4k3pu9zg",
            "target": "y9l1q1bsrj"
          },
          "position": {
            "x": 0,
            "y": 0
          },
          "group": "edges",
          "removed": false,
          "selected": false,
          "selectable": true,
          "locked": false,
          "grabbable": true,
          "pannable": true,
          "classes": ""
        },
        {
          "data": {
            "id": "zfi3r55qoc",
            "source": "eg6f2yyh4e",
            "target": "t3st2ibfgv"
          },
          "position": {
            "x": 0,
            "y": 0
          },
          "group": "edges",
          "removed": false,
          "selected": false,
          "selectable": true,
          "locked": false,
          "grabbable": true,
          "pannable": true,
          "classes": ""
        },
        {
          "data": {
            "id": "5723eufx05",
            "source": "op1nk4fw0p",
            "target": "9vvopwp191"
          },
          "position": {
            "x": 0,
            "y": 0
          },
          "group": "edges",
          "removed": false,
          "selected": false,
          "selectable": true,
          "locked": false,
          "grabbable": true,
          "pannable": true,
          "classes": ""
        },
        {
          "data": {
            "id": "luiit2f64j",
            "source": "guy2x0876y",
            "target": "7d94iyqoaj"
          },
          "position": {
            "x": 0,
            "y": 0
          },
          "group": "edges",
          "removed": false,
          "selected": false,
          "selectable": true,
          "locked": false,
          "grabbable": true,
          "pannable": true,
          "classes": ""
        },
        {
          "data": {
            "id": "ptir9repei",
            "source": "dzyj09ps2i",
            "target": "op1nk4fw0p"
          },
          "position": {
            "x": 0,
            "y": 0
          },
          "group": "edges",
          "removed": false,
          "selected": false,
          "selectable": true,
          "locked": false,
          "grabbable": true,
          "pannable": true,
          "classes": ""
        },
        {
          "data": {
            "id": "4qqk4ei0ei",
            "source": "rw4op4n2cn",
            "target": "eg6f2yyh4e"
          },
          "position": {
            "x": 0,
            "y": 0
          },
          "group": "edges",
          "removed": false,
          "selected": false,
          "selectable": true,
          "locked": false,
          "grabbable": true,
          "pannable": true,
          "classes": ""
        },
        {
          "data": {
            "id": "1e17204c0a",
            "source": "yvjpqn9gkz",
            "target": "zdgxcateqx"
          },
          "position": {
            "x": 0,
            "y": 0
          },
          "group": "edges",
          "removed": false,
          "selected": false,
          "selectable": true,
          "locked": false,
          "grabbable": true,
          "pannable": true,
          "classes": ""
        },
        {
          "data": {
            "id": "9epy26gcvk",
            "source": "9g8ehwyuql",
            "target": "0m4k1pyxfx"
          },
          "position": {
            "x": 0,
            "y": 0
          },
          "group": "edges",
          "removed": false,
          "selected": false,
          "selectable": true,
          "locked": false,
          "grabbable": true,
          "pannable": true,
          "classes": ""
        },
        {
          "data": {
            "id": "to3abotepa",
            "source": "0m4k1pyxfx",
            "target": "v0mf33o54s"
          },
          "position": {
            "x": 0,
            "y": 0
          },
          "group": "edges",
          "removed": false,
          "selected": false,
          "selectable": true,
          "locked": false,
          "grabbable": true,
          "pannable": true,
          "classes": ""
        },
        {
          "data": {
            "id": "egpog4o3f3",
            "source": "7d94iyqoaj",
            "target": "dzyj09ps2i"
          },
          "position": {
            "x": 0,
            "y": 0
          },
          "group": "edges",
          "removed": false,
          "selected": false,
          "selectable": true,
          "locked": false,
          "grabbable": true,
          "pannable": true,
          "classes": ""
        },
        {
          "data": {
            "id": "2l7m4i99mr",
            "source": "57oj4gxf76",
            "target": "cfxqiopf3n"
          },
          "position": {
            "x": 0,
            "y": 0
          },
          "group": "edges",
          "removed": false,
          "selected": false,
          "selectable": true,
          "locked": false,
          "grabbable": true,
          "pannable": true,
          "classes": ""
        },
        {
          "data": {
            "id": "m5oev93fud",
            "source": "gd0040i0t",
            "target": "yvjpqn9gkz"
          },
          "position": {
            "x": 0,
            "y": 0
          },
          "group": "edges",
          "removed": false,
          "selected": false,
          "selectable": true,
          "locked": false,
          "grabbable": true,
          "pannable": true,
          "classes": ""
        },
        {
          "data": {
            "id": "g4ckjhesyb",
            "source": "w5eoxsebst",
            "target": "rw4op4n2cn"
          },
          "position": {
            "x": 0,
            "y": 0
          },
          "group": "edges",
          "removed": false,
          "selected": false,
          "selectable": true,
          "locked": false,
          "grabbable": true,
          "pannable": true,
          "classes": ""
        },
        {
          "data": {
            "id": "fftv67k5u7",
            "source": "zdgxcateqx",
            "target": "j2wzxgr7bp"
          },
          "position": {
            "x": 0,
            "y": 0
          },
          "group": "edges",
          "removed": false,
          "selected": false,
          "selectable": true,
          "locked": false,
          "grabbable": true,
          "pannable": true,
          "classes": ""
        },
        {
          "data": {
            "id": "i2f730vuwp",
            "source": "h8732v6dz6",
            "target": "cfxqiopf3n"
          },
          "position": {
            "x": 0,
            "y": 0
          },
          "group": "edges",
          "removed": false,
          "selected": false,
          "selectable": true,
          "locked": false,
          "grabbable": true,
          "pannable": true,
          "classes": ""
        },
        {
          "data": {
            "id": "f2jrjfiafs",
            "source": "3hubnf74rl",
            "target": "zs4k3pu9zg"
          },
          "position": {
            "x": 0,
            "y": 0
          },
          "group": "edges",
          "removed": false,
          "selected": false,
          "selectable": true,
          "locked": false,
          "grabbable": true,
          "pannable": true,
          "classes": ""
        },
        {
          "data": {
            "id": "yzvj6ahkza",
            "source": "9vvopwp191",
            "target": "whhwlb1iv5"
          },
          "position": {
            "x": 0,
            "y": 0
          },
          "group": "edges",
          "removed": false,
          "selected": false,
          "selectable": true,
          "locked": false,
          "grabbable": true,
          "pannable": true,
          "classes": ""
        },
        {
          "data": {
            "id": "v642w513ay",
            "source": "h8732v6dz6",
            "target": "c7xzcm90sx"
          },
          "position": {
            "x": 0,
            "y": 0
          },
          "group": "edges",
          "removed": false,
          "selected": false,
          "selectable": true,
          "locked": false,
          "grabbable": true,
          "pannable": true,
          "classes": ""
        },
        {
          "data": {
            "id": "hl9sq85pvx",
            "source": "zs4k3pu9zg",
            "target": "0jgedywikj"
          },
          "position": {
            "x": 0,
            "y": 0
          },
          "group": "edges",
          "removed": false,
          "selected": false,
          "selectable": true,
          "locked": false,
          "grabbable": true,
          "pannable": true,
          "classes": ""
        },
        {
          "data": {
            "id": "vmvjlabe31",
            "source": "op1nk4fw0p",
            "target": "e1fb7hu0j2"
          },
          "position": {
            "x": 0,
            "y": 0
          },
          "group": "edges",
          "removed": false,
          "selected": false,
          "selectable": true,
          "locked": false,
          "grabbable": true,
          "pannable": true,
          "classes": ""
        },
        {
          "data": {
            "id": "l6jcbfd51h",
            "source": "y9l1q1bsrj",
            "target": "w5eoxsebst"
          },
          "position": {
            "x": 0,
            "y": 0
          },
          "group": "edges",
          "removed": false,
          "selected": false,
          "selectable": true,
          "locked": false,
          "grabbable": true,
          "pannable": true,
          "classes": ""
        },
        {
          "data": {
            "id": "1ejapu201q",
            "source": "v0mf33o54s",
            "target": "57oj4gxf76",
            "multiValueSourceId": "f8fljf6htt"
          },
          "position": {
            "x": 64,
            "y": 92
          },
          "group": "edges",
          "removed": false,
          "selected": false,
          "selectable": true,
          "locked": false,
          "grabbable": true,
          "pannable": true,
          "classes": ""
        },
        {
          "data": {
            "id": "o90vl28ozg",
            "source": "whhwlb1iv5",
            "target": "xld9y4y3gz"
          },
          "position": {
            "x": 0,
            "y": 0
          },
          "group": "edges",
          "removed": false,
          "selected": false,
          "selectable": true,
          "locked": false,
          "grabbable": true,
          "pannable": true,
          "classes": ""
        },
        {
          "data": {
            "id": "bzo2dqxdrw",
            "source": "xld9y4y3gz",
            "target": "h8732v6dz6"
          },
          "position": {
            "x": 0,
            "y": 0
          },
          "group": "edges",
          "removed": false,
          "selected": false,
          "selectable": true,
          "locked": false,
          "grabbable": true,
          "pannable": true,
          "classes": ""
        },
        {
          "data": {
            "id": "woi4j31ygq",
            "source": "j2wzxgr7bp",
            "target": "3hubnf74rl"
          },
          "position": {
            "x": 0,
            "y": 0
          },
          "group": "edges",
          "removed": false,
          "selected": false,
          "selectable": true,
          "locked": false,
          "grabbable": true,
          "pannable": true,
          "classes": ""
        },
        {
          "data": {
            "id": "q1ytgch4f5",
            "source": "v0mf33o54s",
            "target": "w0wbc5ppnw",
            "multiValueSourceId": "7drazi8dc4"
          },
          "position": {
            "x": 64,
            "y": 52
          },
          "group": "edges",
          "removed": false,
          "selected": false,
          "selectable": true,
          "locked": false,
          "grabbable": true,
          "pannable": true,
          "classes": ""
        },
        {
          "data": {
            "id": "ka3lgw5d29",
            "source": "ekrmhmyx9c",
            "target": "kprq6xsypd"
          },
          "position": {
            "x": 0,
            "y": 0
          },
          "group": "edges",
          "removed": false,
          "selected": false,
          "selectable": true,
          "locked": false,
          "grabbable": true,
          "pannable": true,
          "classes": ""
        },
        {
          "data": {
            "id": "j936vgobnk",
            "source": "n8e7zbn94l",
            "target": "ekrmhmyx9c"
          },
          "position": {
            "x": 0,
            "y": 0
          },
          "group": "edges",
          "removed": false,
          "selected": false,
          "selectable": true,
          "locked": false,
          "grabbable": true,
          "pannable": true,
          "classes": ""
        },
        {
          "data": {
            "id": "mho406vqah",
            "source": "ekrmhmyx9c",
            "target": "guy2x0876y"
          },
          "position": {
            "x": 0,
            "y": 0
          },
          "group": "edges",
          "removed": false,
          "selected": false,
          "selectable": true,
          "locked": false,
          "grabbable": true,
          "pannable": true,
          "classes": ""
        },
        {
          "data": {
            "id": "qkliodz47n",
            "source": "w0wbc5ppnw",
            "target": "50fchrjs6n"
          },
          "position": {
            "x": 0,
            "y": 0
          },
          "group": "edges",
          "removed": false,
          "selected": false,
          "selectable": true,
          "locked": false,
          "grabbable": true,
          "pannable": true,
          "classes": ""
        },
        {
          "data": {
            "id": "4opcakox43",
            "source": "50fchrjs6n",
            "target": "jm9p03l875"
          },
          "position": {
            "x": 0,
            "y": 0
          },
          "group": "edges",
          "removed": false,
          "selected": false,
          "selectable": true,
          "locked": false,
          "grabbable": true,
          "pannable": true,
          "classes": ""
        },
        {
          "data": {
            "id": "o5w0xybonm",
            "source": "jm9p03l875",
            "target": "n8e7zbn94l"
          },
          "position": {
            "x": 0,
            "y": 0
          },
          "group": "edges",
          "removed": false,
          "selected": false,
          "selectable": true,
          "locked": false,
          "grabbable": true,
          "pannable": true,
          "classes": ""
        }
      ]
    },
    "data": {},
    "zoomingEnabled": true,
    "userZoomingEnabled": true,
    "zoom": 1,
    "minZoom": 1e-50,
    "maxZoom": 1e+50,
    "panningEnabled": true,
    "userPanningEnabled": true,
    "pan": {
      "x": 0,
      "y": 0
    },
    "boxSelectionEnabled": true,
    "renderer": {
      "name": "null"
    }
  },
  "inputSchema": [
    {
      "propertyName": "flowParameters",
      "description": "",
      "preferredDataType": "object",
      "preferredControlType": "textField",
      "isExpanded": true,
      "required": false
    }
  ],
  "flowColor": "#ff661c",
  "savedDate": 1720623966316,
  "variables": [
    {
      "context": "flowInstance",
      "createdDate": 1720623952374,
      "fields": {
        "type": "string",
        "displayName": "",
        "mutable": true,
        "min": 0,
        "max": 2000
      },
      "id": "c56b9772-9091-4b4e-9267-6b4bba1d5225",
      "type": "property",
      "visibility": "private",
      "name": "P1UserEmail##SK##flowInstance",
      "companyId": "443c35cc-5561-4806-8120-9e8579a9c7ce"
    }
  ],
  "connections": []
}