{
  "companyId": "cd97344c-feac-4e9c-b4de-3b5adcd7abdc",
  "authTokenExpireIds": [],
  "connectorIds": [
    "functionsConnector",
    "httpConnector",
    "pingOneSSOConnector",
    "variablesConnector",
    "annotationConnector",
    "screenConnector",
    "pingOneAuthenticationConnector"
  ],
  "createdDate": 1699306355622,
  "currentVersion": 8,
  "customerId": "fbb2a61aa0ded55d8ccd4e85b50ac80a",
  "deployedDate": 1699306358100,
  "description": "Cloned on Mon Nov 06 2023 20:01:47 GMT+0000 (Coordinated Universal Time). \nCloned on Wed Oct 11 2023 04:54:17 GMT+0000 (Coordinated Universal Time). \nCloned on Thu Oct 05 2023 03:06:27 GMT+0000 (Coordinated Universal Time). \nPresent groups allow the user to multiselect, return an array of the group ID's. Only groups the user is not a member of get returned.",
  "flowStatus": "enabled",
  "isOutputSchemaSaved": false,
  "name": "Select Role for Concur",
  "publishedVersion": 8,
  "settings": {
    "csp": "worker-src 'self' blob:; script-src 'self' https://cdn.jsdelivr.net https://code.jquery.com https://devsdk.singularkey.com http://cdnjs.cloudflare.com 'unsafe-inline' 'unsafe-eval';",
    "intermediateLoadingScreenCSS": "",
    "intermediateLoadingScreenHTML": "",
    "logLevel": 3,
    "useCustomCSS": true,
    "cssLinks": [
      "https://assets.pingone.com/ux/end-user/1.7.0/end-user.css"
    ]
  },
  "timeouts": "null",
  "updatedDate": 1699306358134,
  "flowId": "89c2e6eedaa0c0abdca4bd401260fed5",
  "versionId": 8,
  "graphData": {
    "elements": {
      "nodes": [
        {
          "data": {
            "id": "t79ndxhbwx",
            "nodeType": "CONNECTION",
            "connectionId": "de650ca45593b82c49064ead10b9fe17",
            "connectorId": "functionsConnector",
            "name": "Functions",
            "label": "Functions",
            "status": "configured",
            "capabilityName": "customFunction",
            "type": "trigger",
            "properties": {
              "variableInputList": {
                "value": [
                  {
                    "name": "appGroups",
                    "preferredDataType": "object",
                    "value": "[\n  {\n    \"children\": [\n      {\n        \"text\": \"\"\n      },\n      {\n        \"text\": \"\"\n      },\n      {\n        \"type\": \"link\",\n        \"src\": \"url:gmpvmmspkn\",\n        \"url\": \"groups\",\n        \"data\": \"{{local.gmpvmmspkn.payload.output.rawResponse.body._embedded.groups}}\",\n        \"tooltip\": \"{{local.gmpvmmspkn.payload.output.rawResponse.body._embedded.groups}}\",\n        \"children\": [\n          {\n            \"text\": \"{{local.gmpvmmspkn.payload.output.rawResponse.body._embedded.groups}}\"\n          }\n        ]\n      },\n      {\n        \"text\": \"\"\n      },\n      {\n        \"text\": \"\"\n      }\n    ]\n  }\n]"
                  },
                  {
                    "name": "usersGroups",
                    "preferredDataType": "object",
                    "value": "[\n  {\n    \"children\": [\n      {\n        \"text\": \"\"\n      },\n      {\n        \"text\": \"\"\n      },\n      {\n        \"type\": \"link\",\n        \"src\": \"url:4xgx8st2z7\",\n        \"url\": \"groupMemberships\",\n        \"data\": \"{{local.4xgx8st2z7.payload.output.groupMemberships}}\",\n        \"tooltip\": \"{{local.4xgx8st2z7.payload.output.groupMemberships}}\",\n        \"children\": [\n          {\n            \"text\": \"{{local.4xgx8st2z7.payload.output.groupMemberships}}\"\n          }\n        ]\n      },\n      {\n        \"text\": \"\"\n      },\n      {\n        \"text\": \"\"\n      }\n    ]\n  }\n]"
                  }
                ]
              },
              "code": {
                "value": "// Write your code here\n// Supported language: Javascript \nmodule.exports = a = async ({params}) => {\n\tconsole.log('params: ', params)\n\n\nvar appGroups = params.appGroups\nvar usersGroups = params.usersGroups\nvar availableGroups = \"\";\n\nfor (i=0; i < appGroups.length; i++){\n\tgroupMatch = false;\n\n\tfor (a=0; a < usersGroups.length; a++){\n\n\t\tif (appGroups[i].id == usersGroups[a].id){\n\t\t\t\t\tavailableGroups += \"<option value=\\\"\"+ appGroups[i].id + \"\\\">\" + appGroups[i].name + \"</option>\\n\" ;\n\n\t\t\tgroupMatch = true\n\t\t\tbreak;\n\t\t}\n\t}\n\n\tif (!groupMatch){\n\t\tavailableGroups += \"<option value=\\\"\"+ appGroups[i].id + \"\\\">\" + appGroups[i].name + \"</option>\\n\" ;\n\t}\n\n}\n\treturn {'availableGroups': availableGroups}\n}"
              },
              "outputSchema": {
                "value": "{\n\t\"output\": {\n\t\t\"type\": \"object\",\n\t\t\"properties\": {\n\t\t\t\"availableGroups\": {\n\t\t\t\t\"type\": \"string\"\n\t\t\t}\n\t\t}\n\t}\n}"
              },
              "nodeTitle": {
                "value": "Get available groups"
              },
              "nodeDescription": {
                "value": "Get available groups, but check the user is not already a member"
              },
              "backgroundColor": {
                "value": "#f5a623ff"
              }
            }
          },
          "position": {
            "x": 2275,
            "y": 698
          },
          "group": "nodes",
          "removed": false,
          "selected": false,
          "selectable": true,
          "locked": false,
          "grabbable": true,
          "pannable": false,
          "classes": ""
        },
        {
          "data": {
            "id": "67olx6l7wk",
            "nodeType": "CONNECTION",
            "connectionId": "867ed4363b2bc21c860085ad2baa817d",
            "connectorId": "httpConnector",
            "name": "Http",
            "label": "Http",
            "status": "configured",
            "capabilityName": "customHTMLTemplate",
            "type": "trigger",
            "properties": {
              "message": {
                "value": "[\n  {\n    \"children\": [\n      {\n        \"text\": \"\"\n      },\n      {\n        \"text\": \"\"\n      },\n      {\n        \"type\": \"link\",\n        \"src\": \"functions.svg\",\n        \"url\": \"availableGroups\",\n        \"data\": \"{{local.11jqltg34d.payload.output.availableGroups}}\",\n        \"tooltip\": \"{{local.11jqltg34d.payload.output.availableGroups}}\",\n        \"children\": [\n          {\n            \"text\": \"availableGroups\"\n          }\n        ]\n      },\n      {\n        \"text\": \"\"\n      }\n    ]\n  }\n]"
              },
              "showContinueButton": {
                "value": true
              },
              "customHTML": {
                "value": "<div class=\"app-container\" style=\"display: block;\">\t<div class=\"page__content\" style=\"height: 100%;\">\t\t<div class=\"card card--no-padding\">\t\t\t<div class=\"card__content\">\t\t\t\t<div class=\"org-logo\">\t\t\t\t\t<img class=\"org-logo__image\" src=\"https://uploads.pingone.com/environments/cd97344c-feac-4e9c-b4de-3b5adcd7abdc/images/862b721c-b7a6-4884-9f31-70c2f657d959_af2dc93d-fcfb-4067-865b-0f1fdc5622bb_original.png\" alt=\"BCD Travel\" />\t\t\t\t</div>\n\n<center>\n\n    <h3>Your vendor will customize offers based on role selected below</h3>\n<br>\n<form id=\"addGroups\">\n    <select id=\"selectedGroups\">\n{{local.t79ndxhbwx.payload.output.availableGroups}}\n </select>\n <input type=\"hidden\" id=\"selectedVals\">\n \n <br>\n    <button data-id=\"submit-button\" type=\"submit\" class=\"btn btn-primary mb-3\" data-skcomponent=\"skbutton\"  data-skbuttontype=\"form-submit\" data-skform=\"addGroups\" data-skbuttonvalue=\"REGISTER\" id=\"btnCreate\">Make Selection</button>\n\n       </form>\n<p><hr>\n    <h4><i>To view your offers without selecting above, click below.</h4>\n    <p><p><br><B> <a href=\"https://apps.pingone.com/cd97344c-feac-4e9c-b4de-3b5adcd7abdc/myapps/\">BCD Application Dock </a></B>\n       </center>"
              },
              "formFieldsList": {
                "value": [
                  {
                    "preferredControlType": "textField",
                    "preferredDataType": "string",
                    "propertyName": "buttonValue"
                  },
                  {
                    "propertyName": "selectedVals",
                    "preferredControlType": "textField",
                    "preferredDataType": "string",
                    "value": "",
                    "hashedVisibility": false
                  }
                ]
              },
              "nodeTitle": {
                "value": "GroupSelection"
              },
              "customScript": {
                "value": "\nvar objSel;\nobjSel = document.getElementById('selectedGroups')\nobjSel.setAttribute(\"multiple\", \"\");\n\nobjSel.onclick = function() {\n    var select = objSel;\n    var selected = [...select.selectedOptions]\n                    .map(option => option.value + \":\");\n\ndocument.getElementById('selectedVals').value = selected \n\n} "
              },
              "backgroundColor": {
                "value": "#417505ff"
              }
            },
            "idUnique": "fsl43z9zfh"
          },
          "position": {
            "x": 2515,
            "y": 698
          },
          "group": "nodes",
          "removed": false,
          "selected": false,
          "selectable": true,
          "locked": false,
          "grabbable": true,
          "pannable": false,
          "classes": ""
        },
        {
          "data": {
            "id": "w5pr9rgq4k",
            "nodeType": "EVAL"
          },
          "position": {
            "x": 2365,
            "y": 698
          },
          "group": "nodes",
          "removed": false,
          "selected": false,
          "selectable": true,
          "locked": false,
          "grabbable": true,
          "pannable": false,
          "classes": ""
        },
        {
          "data": {
            "id": "4fvr2lfgup",
            "nodeType": "EVAL"
          },
          "position": {
            "x": 2605,
            "y": 698
          },
          "group": "nodes",
          "removed": false,
          "selected": false,
          "selectable": true,
          "locked": false,
          "grabbable": true,
          "pannable": false,
          "classes": ""
        },
        {
          "data": {
            "id": "fbw88kvnys",
            "nodeType": "CONNECTION",
            "connectionId": "de650ca45593b82c49064ead10b9fe17",
            "connectorId": "functionsConnector",
            "name": "Functions",
            "label": "Functions",
            "status": "configured",
            "capabilityName": "customFunction",
            "type": "trigger",
            "properties": {
              "variableInputList": {
                "value": [
                  {
                    "name": "selectedValues",
                    "preferredDataType": "object",
                    "value": "[\n  {\n    \"children\": [\n      {\n        \"text\": \"\"\n      },\n      {\n        \"text\": \"\"\n      },\n      {\n        \"type\": \"link\",\n        \"src\": \"http.svg\",\n        \"url\": \"selectedVals\",\n        \"data\": \"{{local.67olx6l7wk.payload.output.selectedVals}}\",\n        \"tooltip\": \"{{local.67olx6l7wk.payload.output.selectedVals}}\",\n        \"children\": [\n          {\n            \"text\": \"selectedVals\"\n          }\n        ]\n      },\n      {\n        \"text\": \"\"\n      }\n    ]\n  }\n]"
                  }
                ]
              },
              "code": {
                "value": "// Write your code here\n// Supported language: Javascript \nmodule.exports = a = async ({params}) => {\n\tconsole.log('params: ', params)\n\n\nvar selectedValues = params.selectedValues.split(\":,\");\n\nselectedValues.splice(selectedValues.length-1, 1, selectedValues[selectedValues.length-1].replace(\":\",\"\"))\n\n//selectedValues[selectedValues.length -1].replace(\":\",\"\")\n\n\treturn {'selectedValuesArray': selectedValues, 'numberOfGroupsSelected': selectedValues.length}\n}"
              },
              "outputSchema": {
                "value": "{\n\t\"output\": {\n\t\t\"type\": \"object\",\n\t\t\"properties\": {\n\t\t\t\"selectedValuesArray\": {\n\t\t\t\t\"type\": \"object\"\n\t\t\t},\n\t\t\t\"numberOfGroupsSelected\": {\n\t\t\t\t\"type\": \"number\"\n\t\t\t}\n\t\t}\n\t}\n}"
              },
              "nodeTitle": {
                "value": "Create Array of Selected Values"
              },
              "backgroundColor": {
                "value": "#f5a623ff"
              }
            },
            "idUnique": "r067w4t2x1"
          },
          "position": {
            "x": 2755,
            "y": 698
          },
          "group": "nodes",
          "removed": false,
          "selected": false,
          "selectable": true,
          "locked": false,
          "grabbable": true,
          "pannable": false,
          "classes": ""
        },
        {
          "data": {
            "id": "xfg6l0z29a",
            "nodeType": "CONNECTION",
            "connectionId": "94141bf2f1b9b59a5f5365ff135e02bb",
            "connectorId": "pingOneSSOConnector",
            "name": "PingOne",
            "label": "PingOne AdvDemoEnv",
            "status": "configured",
            "capabilityName": "userLookup",
            "type": "action",
            "properties": {
              "matchAttributes": {
                "value": [
                  "username"
                ]
              },
              "userIdentifierForFindUser": {
                "value": "[\n  {\n    \"children\": [\n      {\n        \"text\": \"\"\n      },\n      {\n        \"text\": \"\"\n      },\n      {\n        \"type\": \"link\",\n        \"src\": \"screen.svg\",\n        \"url\": \"username\",\n        \"data\": \"{{local.grnmm30285.payload.output.username}}\",\n        \"tooltip\": \"{{local.grnmm30285.payload.output.username}}\",\n        \"children\": [\n          {\n            \"text\": \"username\"\n          }\n        ]\n      },\n      {\n        \"text\": \"\"\n      }\n    ]\n  }\n]"
              },
              "backgroundColor": {
                "value": "#4a90e2ff"
              }
            }
          },
          "position": {
            "x": 1628,
            "y": 668
          },
          "group": "nodes",
          "removed": false,
          "selected": false,
          "selectable": true,
          "locked": false,
          "grabbable": true,
          "pannable": false,
          "classes": ""
        },
        {
          "data": {
            "id": "4xgx8st2z7",
            "nodeType": "CONNECTION",
            "connectionId": "94141bf2f1b9b59a5f5365ff135e02bb",
            "connectorId": "pingOneSSOConnector",
            "name": "PingOne",
            "label": "PingOne AdvDemoEnv",
            "status": "configured",
            "capabilityName": "readUserGroupMemberships",
            "type": "action",
            "properties": {
              "identifier": {
                "value": "[\n  {\n    \"children\": [\n      {\n        \"text\": \"\"\n      },\n      {\n        \"text\": \"\"\n      },\n      {\n        \"type\": \"link\",\n        \"src\": \"pingIdentity.svg\",\n        \"url\": \"id\",\n        \"data\": \"{{local.xfg6l0z29a.payload.output.matchedUser.id}}\",\n        \"tooltip\": \"{{local.xfg6l0z29a.payload.output.matchedUser.id}}\",\n        \"children\": [\n          {\n            \"text\": \"id\"\n          }\n        ]\n      },\n      {\n        \"text\": \"\"\n      },\n      {\n        \"text\": \"\"\n      },\n      {\n        \"type\": \"link\",\n        \"src\": \"pingIdentity.svg\",\n        \"url\": \"id\",\n        \"data\": \"{{local.63hmo9lte2.payload.output.matchedUser.id}}\",\n        \"tooltip\": \"{{local.63hmo9lte2.payload.output.matchedUser.id}}\",\n        \"children\": [\n          {\n            \"text\": \"id\"\n          }\n        ]\n      },\n      {\n        \"text\": \"\"\n      }\n    ]\n  }\n]"
              },
              "nodeTitle": {
                "value": "User Group memberships"
              },
              "backgroundColor": {
                "value": "#4a90e2ff"
              }
            }
          },
          "position": {
            "x": 2005,
            "y": 698
          },
          "group": "nodes",
          "removed": false,
          "selected": false,
          "selectable": true,
          "locked": false,
          "grabbable": true,
          "pannable": false,
          "classes": ""
        },
        {
          "data": {
            "id": "4w405feudy",
            "nodeType": "EVAL"
          },
          "position": {
            "x": 2125,
            "y": 698
          },
          "group": "nodes",
          "removed": false,
          "selected": false,
          "selectable": true,
          "locked": false,
          "grabbable": true,
          "pannable": false,
          "classes": ""
        },
        {
          "data": {
            "id": "1j94r0mtsm",
            "nodeType": "CONNECTION",
            "connectionId": "867ed4363b2bc21c860085ad2baa817d",
            "connectorId": "httpConnector",
            "name": "Http",
            "label": "Http",
            "status": "configured",
            "capabilityName": "makeRestApiCall",
            "type": "trigger",
            "properties": {
              "headers": {
                "value": [
                  {
                    "key": "Authorization",
                    "value": "[\n  {\n    \"children\": [\n      {\n        \"text\": \"Basic \"\n      },\n      {\n        \"text\": \"\"\n      },\n      {\n        \"type\": \"link\",\n        \"src\": \"functions.svg\",\n        \"url\": \"encodedCredentials\",\n        \"data\": \"{{local.zrv73a98y7.payload.output.encodedCredentials}}\",\n        \"tooltip\": \"{{local.zrv73a98y7.payload.output.encodedCredentials}}\",\n        \"children\": [\n          {\n            \"text\": \"encodedCredentials\"\n          }\n        ]\n      },\n      {\n        \"text\": \"\"\n      }\n    ]\n  }\n]"
                  }
                ]
              },
              "url": {
                "value": "[\n  {\n    \"children\": [\n      {\n        \"text\": \"https://auth.pingone.com/\"\n      },\n      {\n        \"text\": \"\"\n      },\n      {\n        \"type\": \"link\",\n        \"src\": \"variable.svg\",\n        \"url\": \"PingOneEnvID\",\n        \"data\": \"{{global.variables.PingOneEnvID}}\",\n        \"tooltip\": \"{{global.variables.PingOneEnvID}}\",\n        \"children\": [\n          {\n            \"text\": \"PingOneEnvID\"\n          }\n        ]\n      },\n      {\n        \"text\": \"\"\n      },\n      {\n        \"text\": \"/as/token\"\n      }\n    ]\n  }\n]"
              },
              "httpMethod": {
                "value": "POST"
              },
              "nodeTitle": {
                "value": "GetAccessToken"
              },
              "httpBody": {
                "value": "xwwwFormUrlEncoded"
              },
              "bodyParams": {
                "value": [
                  {
                    "key": "grant_type",
                    "value": "[\n  {\n    \"children\": [\n      {\n        \"text\": \"client_credentials\"\n      }\n    ]\n  }\n]"
                  },
                  {
                    "key": "",
                    "value": ""
                  }
                ]
              },
              "backgroundColor": {
                "value": "#4a90e2ff"
              },
              "contentType": {
                "value": "application/json"
              }
            }
          },
          "position": {
            "x": 878,
            "y": 458
          },
          "group": "nodes",
          "removed": false,
          "selected": false,
          "selectable": true,
          "locked": false,
          "grabbable": true,
          "pannable": false,
          "classes": ""
        },
        {
          "data": {
            "id": "gdii0fnxgv",
            "nodeType": "CONNECTION",
            "connectionId": "06922a684039827499bdbdd97f49827b",
            "connectorId": "variablesConnector",
            "name": "Variables",
            "label": "Variables",
            "status": "configured",
            "capabilityName": "saveValue",
            "type": "trigger",
            "properties": {
              "saveVariables": {
                "value": [
                  {
                    "name": "PingOneEnvID",
                    "value": "[\n  {\n    \"children\": [\n      {\n        \"text\": \" cd97344c-feac-4e9c-b4de-3b5adcd7abdc\"\n      }\n    ]\n  }\n]",
                    "key": 0.6482211196632945,
                    "label": "PingOneEnvID (string - flowInstance)",
                    "type": "string"
                  },
                  {
                    "name": "clientID",
                    "value": "[\n  {\n    \"children\": [\n      {\n        \"text\": \"664f1188-4eae-4112-8b09-4ed10d23cd99\"\n      }\n    ]\n  }\n]",
                    "key": 0.11200026837225052,
                    "type": "string",
                    "label": "clientID (string - flowInstance)"
                  },
                  {
                    "name": "clientSecret",
                    "value": "[\n  {\n    \"children\": [\n      {\n        \"text\": \"M_tgOJXjRVIyMUd-Z0~ZLJ8Q1usL5Hp00OkmiBFdQTiaCnoPDqzuEDnjTeQPjWEF\"\n      }\n    ]\n  }\n]",
                    "key": 0.7594213140818482,
                    "type": "string",
                    "label": "clientSecret (string - flowInstance)"
                  },
                  {
                    "name": "AppicationsGroupID",
                    "value": "[\n  {\n    \"children\": [\n      {\n        \"text\": \"841a2d85-1c2f-4f98-b402-0ac0895f67b6\"\n      }\n    ]\n  }\n]",
                    "key": 0.5957358475573544,
                    "label": "AppicationsGroupID (string - flowInstance)",
                    "type": "string"
                  }
                ]
              }
            }
          },
          "position": {
            "x": 428,
            "y": 458
          },
          "group": "nodes",
          "removed": false,
          "selected": false,
          "selectable": true,
          "locked": false,
          "grabbable": true,
          "pannable": false,
          "classes": ""
        },
        {
          "data": {
            "id": "gmpvmmspkn",
            "nodeType": "CONNECTION",
            "connectionId": "867ed4363b2bc21c860085ad2baa817d",
            "connectorId": "httpConnector",
            "name": "Http",
            "label": "httpConnector",
            "status": "configured",
            "capabilityName": "makeRestApiCall",
            "type": "trigger",
            "properties": {
              "url": {
                "value": "[\n  {\n    \"children\": [\n      {\n        \"text\": \"https://api.pingone.com/v1/environments/\"\n      },\n      {\n        \"text\": \"\"\n      },\n      {\n        \"text\": \"\"\n      },\n      {\n        \"type\": \"link\",\n        \"src\": \"variable.svg\",\n        \"url\": \"PingOneEnvID\",\n        \"data\": \"{{global.variables.PingOneEnvID}}\",\n        \"tooltip\": \"{{global.variables.PingOneEnvID}}\",\n        \"children\": [\n          {\n            \"text\": \"PingOneEnvID\"\n          }\n        ]\n      },\n      {\n        \"text\": \"\"\n      },\n      {\n        \"text\": \"\"\n      },\n      {\n        \"text\": \"/\"\n      },\n      {\n        \"text\": \"groups\"\n      },\n      {\n        \"text\": \"?filter=memberOfGroups%5Bid%20eq%20%22\"\n      },\n      {\n        \"text\": \"\"\n      },\n      {\n        \"type\": \"link\",\n        \"src\": \"variable.svg\",\n        \"url\": \"AppicationsGroupID\",\n        \"data\": \"{{global.variables.AppicationsGroupID}}\",\n        \"tooltip\": \"{{global.variables.AppicationsGroupID}}\",\n        \"children\": [\n          {\n            \"text\": \"AppicationsGroupID\"\n          }\n        ]\n      },\n      {\n        \"text\": \"\"\n      },\n      {\n        \"text\": \"%22%20and%20type%20eq%20%22DIRECT%22%5D\"\n      },\n      {\n        \"text\": \"\"\n      }\n    ]\n  }\n]"
              },
              "headers": {
                "value": [
                  {
                    "key": "Authorization",
                    "value": "[\n  {\n    \"children\": [\n      {\n        \"text\": \"Bearer {{local.1j94r0mtsm.payload.output.rawResponse.body.access_token}}\"\n      }\n    ]\n  }\n]"
                  },
                  {
                    "key": "accept",
                    "value": "[\n  {\n    \"children\": [\n      {\n        \"text\": \"*/*\"\n      }\n    ]\n  }\n]"
                  }
                ]
              },
              "httpBody": {
                "value": "none"
              },
              "httpMethod": {
                "value": "GET"
              },
              "contentType": {
                "value": "application/hal+json"
              },
              "raw": {},
              "backgroundColor": {
                "value": "#4a90e2ff"
              },
              "nodeTitle": {
                "value": "Get application groups from parent group"
              }
            },
            "idUnique": "zlrow3df0p"
          },
          "position": {
            "x": 1148,
            "y": 458
          },
          "group": "nodes",
          "removed": false,
          "selected": false,
          "selectable": true,
          "locked": false,
          "grabbable": true,
          "pannable": false,
          "classes": ""
        },
        {
          "data": {
            "id": "5155dwwxfd",
            "nodeType": "EVAL"
          },
          "position": {
            "x": 998,
            "y": 458
          },
          "group": "nodes",
          "removed": false,
          "selected": false,
          "selectable": true,
          "locked": false,
          "grabbable": true,
          "pannable": false,
          "classes": ""
        },
        {
          "data": {
            "id": "zrv73a98y7",
            "nodeType": "CONNECTION",
            "connectionId": "de650ca45593b82c49064ead10b9fe17",
            "connectorId": "functionsConnector",
            "name": "Functions",
            "label": "Functions",
            "status": "configured",
            "capabilityName": "customFunction",
            "type": "trigger",
            "properties": {
              "nodeTitle": {
                "value": "Encode Basic Credentials"
              },
              "nodeDescription": {
                "value": "Base64 encode clientId:clientSecret"
              },
              "outputSchema": {
                "value": "{\n\t\"output\": {\n\t\t\"type\": \"object\",\n\t\t\"properties\": {\n\t\t\t\"encodedCredentials\": {\n\t\t\t\t\"type\": \"string\"\n\t\t\t}\n\t\t}\n\t}\n}"
              },
              "variableInputList": {
                "value": [
                  {
                    "name": "clientId",
                    "preferredDataType": "string",
                    "value": "[\n  {\n    \"children\": [\n      {\n        \"text\": \"\"\n      },\n      {\n        \"text\": \"\"\n      },\n      {\n        \"type\": \"link\",\n        \"src\": \"variable.svg\",\n        \"url\": \"clientID\",\n        \"data\": \"{{global.variables.clientID}}\",\n        \"tooltip\": \"{{global.variables.clientID}}\",\n        \"children\": [\n          {\n            \"text\": \"clientID\"\n          }\n        ]\n      },\n      {\n        \"text\": \"\"\n      }\n    ]\n  }\n]"
                  },
                  {
                    "name": "clientSecret",
                    "preferredDataType": "string",
                    "value": "[\n  {\n    \"children\": [\n      {\n        \"text\": \"\"\n      },\n      {\n        \"text\": \"\"\n      },\n      {\n        \"type\": \"link\",\n        \"src\": \"variable.svg\",\n        \"url\": \"clientSecret\",\n        \"data\": \"{{global.variables.clientSecret}}\",\n        \"tooltip\": \"{{global.variables.clientSecret}}\",\n        \"children\": [\n          {\n            \"text\": \"clientSecret\"\n          }\n        ]\n      },\n      {\n        \"text\": \"\"\n      }\n    ]\n  }\n]"
                  }
                ]
              },
              "code": {
                "value": "/**\n * Encode basic credentials\n * @param {string} clientId - The client Id to encode\n * @param {string} clientSecret - The client secret to encode\n * @returns {string} base64 encoded clientId:clientSecret\n */\nmodule.exports = a = async ({ params }) => {\n  const clientId = params.clientId;\n  const clientSecret = params.clientSecret;\n\n  // If either value is missing, return an error\n  if (!clientId || !clientSecret) {\n    return false;\n  }\n\n  const encodedCredentials = new Buffer(clientId + \":\" + clientSecret).toString(\"base64\");\n\n  return { 'encodedCredentials': encodedCredentials }\n}"
              },
              "backgroundColor": {
                "value": "#f5a623ff"
              }
            },
            "idUnique": "21gisu4zae"
          },
          "position": {
            "x": 668,
            "y": 458
          },
          "group": "nodes",
          "removed": false,
          "selected": false,
          "selectable": true,
          "locked": false,
          "grabbable": true,
          "pannable": false,
          "classes": ""
        },
        {
          "data": {
            "id": "bh6tiq3qdw",
            "nodeType": "EVAL"
          },
          "position": {
            "x": 548,
            "y": 458
          },
          "group": "nodes",
          "removed": false,
          "selected": false,
          "selectable": true,
          "locked": false,
          "grabbable": true,
          "pannable": false,
          "classes": ""
        },
        {
          "data": {
            "id": "4e49mqhjkw",
            "nodeType": "EVAL"
          },
          "position": {
            "x": 773,
            "y": 458
          },
          "group": "nodes",
          "removed": false,
          "selected": false,
          "selectable": true,
          "locked": false,
          "grabbable": true,
          "pannable": false,
          "classes": ""
        },
        {
          "data": {
            "id": "d9xzobha88",
            "nodeType": "ANNOTATION",
            "name": "Annotation",
            "connectionId": "921bfae85c38ed45045e07be703d86b8",
            "connectorId": "annotationConnector",
            "capabilityName": "updateAnnotationProperties",
            "type": "action",
            "properties": {
              "backgroundColor": {
                "value": "#25558eff"
              },
              "annotationTextColor": {
                "value": "#ffffffff"
              },
              "annotation": {
                "value": "Overall this will look at application groups, user groups and present a list of options for the user to select something."
              },
              "fontFamily": {
                "value": "arial"
              }
            },
            "status": "configured"
          },
          "position": {
            "x": 1114,
            "y": 214
          },
          "group": "nodes",
          "removed": false,
          "selected": false,
          "selectable": true,
          "locked": false,
          "grabbable": true,
          "pannable": false,
          "classes": ""
        },
        {
          "data": {
            "id": "grnmm30285",
            "nodeType": "CONNECTION",
            "connectionId": "eff5e88ba62fb82844052fa1ba04b26a",
            "connectorId": "screenConnector",
            "name": "Screen",
            "label": "Screen",
            "status": "configured",
            "capabilityName": "createView",
            "type": "trigger",
            "properties": {
              "screen0Config": {
                "properties": {
                  "screenComponentList": {
                    "value": [
                      {
                        "propertyName": "username",
                        "preferredControlType": "textField",
                        "preferredDataType": "string",
                        "value": "[\n  {\n    \"children\": [\n      {\n        \"text\": \"\"\n      }\n    ]\n  }\n]",
                        "attributes": {
                          "displayName": "Enter Username"
                        }
                      }
                    ]
                  },
                  "navTitle": {
                    "value": "Customize My Experience"
                  }
                }
              },
              "backgroundColor": {
                "value": "#417505ff"
              }
            }
          },
          "position": {
            "x": 1328,
            "y": 668
          },
          "group": "nodes",
          "removed": false,
          "selected": false,
          "selectable": true,
          "locked": false,
          "grabbable": true,
          "pannable": false,
          "classes": ""
        },
        {
          "data": {
            "id": "mf9rl6b4nv",
            "nodeType": "EVAL"
          },
          "position": {
            "x": 2935,
            "y": 698
          },
          "group": "nodes",
          "removed": false,
          "selected": false,
          "selectable": true,
          "locked": false,
          "grabbable": true,
          "pannable": false,
          "classes": ""
        },
        {
          "data": {
            "id": "tw5554c16x",
            "nodeType": "EVAL",
            "label": "Evaluator",
            "properties": {
              "grnmm30285": {
                "value": "allTriggersFalse"
              }
            }
          },
          "position": {
            "x": 1564,
            "y": 424
          },
          "group": "nodes",
          "removed": false,
          "selected": false,
          "selectable": true,
          "locked": false,
          "grabbable": true,
          "pannable": false,
          "classes": ""
        },
        {
          "data": {
            "id": "070t3byjq1",
            "nodeType": "ANNOTATION",
            "name": "Annotation",
            "connectionId": "921bfae85c38ed45045e07be703d86b8",
            "connectorId": "annotationConnector",
            "capabilityName": "updateAnnotationProperties",
            "type": "action",
            "properties": {
              "backgroundColor": {
                "value": "#25558eff"
              },
              "annotationTextColor": {
                "value": "#ffffffff"
              },
              "annotation": {
                "value": "Prompt for username"
              },
              "fontFamily": {
                "value": "arial"
              }
            },
            "status": "configured",
            "idUnique": "ugmtjtzs2z"
          },
          "position": {
            "x": 1024,
            "y": 604
          },
          "group": "nodes",
          "removed": false,
          "selected": false,
          "selectable": true,
          "locked": false,
          "grabbable": true,
          "pannable": false,
          "classes": ""
        },
        {
          "data": {
            "id": "5u96hxf9k3",
            "nodeType": "ANNOTATION",
            "name": "Annotation",
            "connectionId": "921bfae85c38ed45045e07be703d86b8",
            "connectorId": "annotationConnector",
            "capabilityName": "updateAnnotationProperties",
            "type": "action",
            "properties": {
              "backgroundColor": {
                "value": "#25558eff"
              },
              "annotationTextColor": {
                "value": "#ffffffff"
              },
              "annotation": {
                "value": "Requirements: Add a worker credential to do the groups calls, also an id from a nested group "
              },
              "fontFamily": {
                "value": "arial"
              }
            },
            "status": "configured",
            "idUnique": "9b7vet6qof"
          },
          "position": {
            "x": 214,
            "y": 364
          },
          "group": "nodes",
          "removed": false,
          "selected": false,
          "selectable": true,
          "locked": false,
          "grabbable": true,
          "pannable": false,
          "classes": ""
        },
        {
          "data": {
            "id": "5lxcwspvnp",
            "nodeType": "ANNOTATION",
            "name": "Annotation",
            "connectionId": "921bfae85c38ed45045e07be703d86b8",
            "connectorId": "annotationConnector",
            "capabilityName": "updateAnnotationProperties",
            "type": "action",
            "properties": {
              "backgroundColor": {
                "value": "#25558eff"
              },
              "annotationTextColor": {
                "value": "#ffffffff"
              },
              "annotation": {
                "value": "Have a session?"
              },
              "fontFamily": {
                "value": "arial"
              }
            },
            "status": "configured",
            "idUnique": "fafpmjr9oc"
          },
          "position": {
            "x": 1354,
            "y": 364
          },
          "group": "nodes",
          "removed": false,
          "selected": false,
          "selectable": true,
          "locked": false,
          "grabbable": true,
          "pannable": false,
          "classes": ""
        },
        {
          "data": {
            "id": "jq3o9zh5gu",
            "nodeType": "CONNECTION",
            "connectionId": "06922a684039827499bdbdd97f49827b",
            "connectorId": "variablesConnector",
            "name": "Variables",
            "label": "Variables",
            "status": "configured",
            "capabilityName": "saveValue",
            "type": "trigger",
            "properties": {
              "saveVariables": {
                "value": [
                  {
                    "name": "roles",
                    "value": "[\n  {\n    \"children\": [\n      {\n        \"text\": \"\"\n      },\n      {\n        \"text\": \"\"\n      },\n      {\n        \"type\": \"link\",\n        \"src\": \"functions.svg\",\n        \"url\": \"selectedValuesArray\",\n        \"data\": \"{{local.fbw88kvnys.payload.output.selectedValuesArray}}\",\n        \"tooltip\": \"{{local.fbw88kvnys.payload.output.selectedValuesArray}}\",\n        \"children\": [\n          {\n            \"text\": \"selectedValuesArray\"\n          }\n        ]\n      },\n      {\n        \"text\": \"\"\n      }\n    ]\n  }\n]",
                    "key": 0.21188438971727264,
                    "label": "roles (object - flowInstance)",
                    "type": "object",
                    "nameDefault": "selectedValuesArray"
                  }
                ]
              },
              "nodeTitle": {
                "value": "Set Roles"
              }
            }
          },
          "position": {
            "x": 3068,
            "y": 698
          },
          "group": "nodes",
          "removed": false,
          "selected": false,
          "selectable": true,
          "locked": false,
          "grabbable": true,
          "pannable": false,
          "classes": ""
        },
        {
          "data": {
            "id": "vcr528owc2",
            "nodeType": "EVAL",
            "properties": {
              "b8gbd7zw2i": {
                "value": "allTriggersFalse"
              }
            }
          },
          "position": {
            "x": 338,
            "y": 698
          },
          "group": "nodes",
          "removed": false,
          "selected": false,
          "selectable": true,
          "locked": false,
          "grabbable": true,
          "pannable": false,
          "classes": ""
        },
        {
          "data": {
            "id": "lsd5xc4yjs",
            "nodeType": "EVAL",
            "label": "Evaluator"
          },
          "position": {
            "x": 2134,
            "y": 454
          },
          "group": "nodes",
          "removed": false,
          "selected": false,
          "selectable": true,
          "locked": false,
          "grabbable": true,
          "pannable": false,
          "classes": ""
        },
        {
          "data": {
            "id": "3y3yurdwg4",
            "nodeType": "CONNECTION",
            "connectionId": "867ed4363b2bc21c860085ad2baa817d",
            "connectorId": "httpConnector",
            "name": "Http",
            "label": "Http",
            "status": "configured",
            "capabilityName": "createSuccessResponse",
            "type": "action",
            "properties": {
              "nodeTitle": {
                "value": "Success"
              },
              "backgroundColor": {
                "value": "#9dc967ff"
              },
              "claimsNameValuePairs": {
                "value": [
                  {
                    "name": "roles",
                    "value": "[\n  {\n    \"children\": [\n      {\n        \"text\": \"\"\n      },\n      {\n        \"text\": \"\"\n      },\n      {\n        \"type\": \"link\",\n        \"src\": \"variables.svg\",\n        \"url\": \"output\",\n        \"data\": \"{{local.jq3o9zh5gu.payload.output}}\",\n        \"tooltip\": \"{{local.jq3o9zh5gu.payload.output}}\",\n        \"children\": [\n          {\n            \"text\": \"output\"\n          }\n        ]\n      },\n      {\n        \"text\": \"\"\n      }\n    ]\n  }\n]",
                    "key": 0.2670217463547446,
                    "type": "object",
                    "nameDefault": "output",
                    "label": "roles (object - flowInstance)"
                  }
                ]
              }
            },
            "idUnique": "00surhcg33"
          },
          "position": {
            "x": 3540,
            "y": 690
          },
          "group": "nodes",
          "removed": false,
          "selected": false,
          "selectable": true,
          "locked": false,
          "grabbable": true,
          "pannable": false,
          "classes": ""
        },
        {
          "data": {
            "id": "kso2whhptr",
            "nodeType": "EVAL",
            "properties": {
              "grnmm30285": {
                "value": "allTriggersFalse"
              }
            }
          },
          "position": {
            "x": 1864,
            "y": 454
          },
          "group": "nodes",
          "removed": false,
          "selected": false,
          "selectable": true,
          "locked": false,
          "grabbable": true,
          "pannable": false,
          "classes": ""
        },
        {
          "data": {
            "id": "k9gj630lug",
            "nodeType": "EVAL"
          },
          "position": {
            "x": 1478,
            "y": 668
          },
          "group": "nodes",
          "removed": false,
          "selected": false,
          "selectable": true,
          "locked": false,
          "grabbable": true,
          "pannable": false,
          "classes": ""
        },
        {
          "data": {
            "id": "t67ox15qlx",
            "nodeType": "EVAL"
          },
          "position": {
            "x": 1816.5,
            "y": 683
          },
          "group": "nodes",
          "removed": false,
          "selected": false,
          "selectable": true,
          "locked": false,
          "grabbable": true,
          "pannable": false,
          "classes": ""
        },
        {
          "data": {
            "id": "bajj3tr6h2",
            "nodeType": "ANNOTATION",
            "name": "Annotation",
            "connectionId": "921bfae85c38ed45045e07be703d86b8",
            "connectorId": "annotationConnector",
            "capabilityName": "updateAnnotationProperties",
            "type": "action",
            "properties": {
              "backgroundColor": {
                "value": "#25558eff"
              },
              "annotationTextColor": {
                "value": "#ffffffff"
              },
              "annotation": {
                "value": "Look at application groups, show list for selection"
              },
              "fontFamily": {
                "value": "arial"
              }
            },
            "status": "configured",
            "idUnique": "wlsn7qeqeh"
          },
          "position": {
            "x": 2164,
            "y": 574
          },
          "group": "nodes",
          "removed": false,
          "selected": false,
          "selectable": true,
          "locked": false,
          "grabbable": true,
          "pannable": false,
          "classes": ""
        },
        {
          "data": {
            "id": "wj28ttzqmh",
            "nodeType": "CONNECTION",
            "connectionId": "de650ca45593b82c49064ead10b9fe17",
            "connectorId": "functionsConnector",
            "name": "Functions",
            "label": "Functions",
            "status": "configured",
            "capabilityName": "AIsEmpty",
            "type": "trigger",
            "properties": {
              "leftValueA": {
                "value": "[\n  {\n    \"children\": [\n      {\n        \"text\": \"\"\n      },\n      {\n        \"text\": \"\"\n      },\n      {\n        \"type\": \"link\",\n        \"src\": \"pingIdentity.svg\",\n        \"url\": \"id\",\n        \"data\": \"{{local.63hmo9lte2.payload.output.matchedUser.id}}\",\n        \"tooltip\": \"{{local.63hmo9lte2.payload.output.matchedUser.id}}\",\n        \"children\": [\n          {\n            \"text\": \"id\"\n          }\n        ]\n      },\n      {\n        \"text\": \"\"\n      }\n    ]\n  }\n]"
              },
              "checkNullORUndefined": {
                "value": true
              }
            }
          },
          "position": {
            "x": 2254,
            "y": 454
          },
          "group": "nodes",
          "removed": false,
          "selected": false,
          "selectable": true,
          "locked": false,
          "grabbable": true,
          "pannable": false,
          "classes": ""
        },
        {
          "data": {
            "id": "63hmo9lte2",
            "nodeType": "CONNECTION",
            "connectionId": "94141bf2f1b9b59a5f5365ff135e02bb",
            "connectorId": "pingOneSSOConnector",
            "name": "PingOne",
            "label": "PingOne AdvDemoEnv",
            "status": "configured",
            "capabilityName": "userLookup",
            "type": "action",
            "properties": {
              "matchAttributes": {
                "value": [
                  "id"
                ]
              },
              "userIdentifierForFindUser": {
                "value": "[\n  {\n    \"children\": [\n      {\n        \"text\": \"\"\n      },\n      {\n        \"text\": \"\"\n      },\n      {\n        \"type\": \"link\",\n        \"src\": \"pingIdentity.svg\",\n        \"url\": \"id\",\n        \"data\": \"{{local.w03ux9kx6r.payload.output.session.user.id}}\",\n        \"tooltip\": \"{{local.w03ux9kx6r.payload.output.session.user.id}}\",\n        \"children\": [\n          {\n            \"text\": \"id\"\n          }\n        ]\n      },\n      {\n        \"text\": \"\"\n      }\n    ]\n  }\n]"
              },
              "backgroundColor": {
                "value": "#4a90e2ff"
              },
              "useCustomSCIMFilter": {
                "value": false
              }
            },
            "idUnique": "sydzqx1my8"
          },
          "position": {
            "x": 2014,
            "y": 454
          },
          "group": "nodes",
          "removed": false,
          "selected": false,
          "selectable": true,
          "locked": false,
          "grabbable": true,
          "pannable": false,
          "classes": ""
        },
        {
          "data": {
            "id": "w03ux9kx6r",
            "nodeType": "CONNECTION",
            "connectionId": "c3e6a164bde107954e93f5c09f0c8bce",
            "connectorId": "pingOneAuthenticationConnector",
            "name": "PingOne Authentication",
            "label": "PingOne Authentication",
            "status": "configured",
            "capabilityName": "checkSession",
            "type": "action",
            "properties": {
              "idleTimeout": {
                "value": 43200
              },
              "authenticationMethodLastUsedIn": {
                "value": 480
              },
              "checkSessionAuthenticator": {
                "value": "mfa"
              }
            }
          },
          "position": {
            "x": 1444,
            "y": 454
          },
          "group": "nodes",
          "removed": false,
          "selected": false,
          "selectable": true,
          "locked": false,
          "grabbable": true,
          "pannable": false,
          "classes": ""
        },
        {
          "data": {
            "id": "irtgzfib8i",
            "nodeType": "EVAL",
            "label": "Evaluator"
          },
          "position": {
            "x": 1238.5,
            "y": 458.25
          },
          "group": "nodes",
          "removed": false,
          "selected": false,
          "selectable": true,
          "locked": false,
          "grabbable": true,
          "pannable": false,
          "classes": ""
        },
        {
          "data": {
            "id": "2x21muagqz",
            "nodeType": "CONNECTION",
            "connectionId": "867ed4363b2bc21c860085ad2baa817d",
            "connectorId": "httpConnector",
            "name": "Http",
            "label": "httpConnector",
            "status": "configured",
            "capabilityName": "makeRestApiCall",
            "type": "trigger",
            "properties": {
              "url": {
                "value": "[\n  {\n    \"children\": [\n      {\n        \"text\": \"https://api.pingone.com/v1/environments/\"\n      },\n      {\n        \"text\": \"\"\n      },\n      {\n        \"text\": \"\"\n      },\n      {\n        \"type\": \"link\",\n        \"src\": \"variable.svg\",\n        \"url\": \"PingOneEnvID\",\n        \"data\": \"{{global.variables.PingOneEnvID}}\",\n        \"tooltip\": \"{{global.variables.PingOneEnvID}}\",\n        \"children\": [\n          {\n            \"text\": \"PingOneEnvID\"\n          }\n        ]\n      },\n      {\n        \"text\": \"\"\n      },\n      {\n        \"text\": \"\"\n      },\n      {\n        \"text\": \"/\"\n      },\n      {\n        \"text\": \"groups\"\n      },\n      {\n        \"text\": \"?filter=memberOfGroups%5Bid%20eq%20%22\"\n      },\n      {\n        \"text\": \"\"\n      },\n      {\n        \"text\": \"\"\n      },\n      {\n        \"type\": \"moustache\",\n        \"data\": \"{{local.jq3o9zh5gu.response.output.roles}}\",\n        \"name\": \"roles\",\n        \"children\": [\n          {\n            \"text\": \"\"\n          }\n        ]\n      },\n      {\n        \"text\": \"\"\n      },\n      {\n        \"text\": \"%22%20and%20type%20eq%20%22DIRECT%22%5D\"\n      },\n      {\n        \"text\": \"\"\n      }\n    ]\n  }\n]"
              },
              "headers": {
                "value": [
                  {
                    "key": "Authorization",
                    "value": "[\n  {\n    \"children\": [\n      {\n        \"text\": \"Bearer {{local.1j94r0mtsm.payload.output.rawResponse.body.access_token}}\"\n      }\n    ]\n  }\n]"
                  },
                  {
                    "key": "accept",
                    "value": "[\n  {\n    \"children\": [\n      {\n        \"text\": \"*/*\"\n      }\n    ]\n  }\n]"
                  }
                ]
              },
              "httpBody": {
                "value": "none"
              },
              "httpMethod": {
                "value": "GET"
              },
              "contentType": {
                "value": "application/hal+json"
              },
              "raw": {},
              "backgroundColor": {
                "value": "#4a90e2ff"
              },
              "nodeTitle": {
                "value": "Get Company App ID"
              }
            },
            "idUnique": "jy9azuj9mq"
          },
          "position": {
            "x": 3300,
            "y": 690
          },
          "group": "nodes",
          "removed": false,
          "selected": false,
          "selectable": true,
          "locked": false,
          "grabbable": true,
          "pannable": false,
          "classes": ""
        },
        {
          "data": {
            "id": "43p4v409w3",
            "nodeType": "EVAL"
          },
          "position": {
            "x": 3169,
            "y": 694
          },
          "group": "nodes",
          "removed": false,
          "selected": false,
          "selectable": true,
          "locked": false,
          "grabbable": true,
          "pannable": false,
          "classes": ""
        },
        {
          "data": {
            "id": "fetpoe14op",
            "nodeType": "EVAL"
          },
          "position": {
            "x": 3375,
            "y": 690
          },
          "group": "nodes",
          "removed": false,
          "selected": false,
          "selectable": true,
          "locked": false,
          "grabbable": true,
          "pannable": false,
          "classes": ""
        }
      ],
      "edges": [
        {
          "data": {
            "id": "ik8galkzpr",
            "source": "4fvr2lfgup",
            "target": "fbw88kvnys"
          },
          "position": {
            "x": 0,
            "y": 0
          },
          "group": "edges",
          "removed": false,
          "selected": false,
          "selectable": true,
          "locked": false,
          "grabbable": true,
          "pannable": true,
          "classes": ""
        },
        {
          "data": {
            "id": "omplplhj0e",
            "source": "tw5554c16x",
            "target": "63hmo9lte2"
          },
          "position": {
            "x": 0,
            "y": 0
          },
          "group": "edges",
          "removed": false,
          "selected": false,
          "selectable": true,
          "locked": false,
          "grabbable": true,
          "pannable": true,
          "classes": ""
        },
        {
          "data": {
            "id": "6sdgpv1nyd",
            "source": "k9gj630lug",
            "target": "xfg6l0z29a"
          },
          "position": {
            "x": 0,
            "y": 0
          },
          "group": "edges",
          "removed": false,
          "selected": false,
          "selectable": true,
          "locked": false,
          "grabbable": true,
          "pannable": true,
          "classes": ""
        },
        {
          "data": {
            "id": "69lwh9020y",
            "source": "grnmm30285",
            "target": "k9gj630lug"
          },
          "position": {
            "x": 0,
            "y": 0
          },
          "group": "edges",
          "removed": false,
          "selected": false,
          "selectable": true,
          "locked": false,
          "grabbable": true,
          "pannable": true,
          "classes": ""
        },
        {
          "data": {
            "id": "xrw5z4jpjs",
            "source": "zrv73a98y7",
            "target": "4e49mqhjkw"
          },
          "position": {
            "x": 0,
            "y": 0
          },
          "group": "edges",
          "removed": false,
          "selected": false,
          "selectable": true,
          "locked": false,
          "grabbable": true,
          "pannable": true,
          "classes": ""
        },
        {
          "data": {
            "id": "0dy9ghahf4",
            "source": "gdii0fnxgv",
            "target": "bh6tiq3qdw"
          },
          "position": {
            "x": 0,
            "y": 0
          },
          "group": "edges",
          "removed": false,
          "selected": false,
          "selectable": true,
          "locked": false,
          "grabbable": true,
          "pannable": true,
          "classes": ""
        },
        {
          "data": {
            "id": "yt2n9sy2g7",
            "source": "4e49mqhjkw",
            "target": "1j94r0mtsm"
          },
          "position": {
            "x": 0,
            "y": 0
          },
          "group": "edges",
          "removed": false,
          "selected": false,
          "selectable": true,
          "locked": false,
          "grabbable": true,
          "pannable": true,
          "classes": ""
        },
        {
          "data": {
            "id": "gt1c9dk9m7",
            "source": "vcr528owc2",
            "target": "grnmm30285"
          },
          "position": {
            "x": 0,
            "y": 0
          },
          "group": "edges",
          "removed": false,
          "selected": false,
          "selectable": true,
          "locked": false,
          "grabbable": true,
          "pannable": true,
          "classes": ""
        },
        {
          "data": {
            "id": "ekp3fvvqxi",
            "source": "tw5554c16x",
            "target": "grnmm30285"
          },
          "position": {
            "x": 0,
            "y": 0
          },
          "group": "edges",
          "removed": false,
          "selected": false,
          "selectable": true,
          "locked": false,
          "grabbable": true,
          "pannable": true,
          "classes": ""
        },
        {
          "data": {
            "id": "zejorugwjz",
            "source": "bh6tiq3qdw",
            "target": "zrv73a98y7"
          },
          "position": {
            "x": 0,
            "y": 0
          },
          "group": "edges",
          "removed": false,
          "selected": false,
          "selectable": true,
          "locked": false,
          "grabbable": true,
          "pannable": true,
          "classes": ""
        },
        {
          "data": {
            "id": "qhbuhd88a1",
            "source": "w03ux9kx6r",
            "target": "tw5554c16x"
          },
          "position": {
            "x": 0,
            "y": 0
          },
          "group": "edges",
          "removed": false,
          "selected": false,
          "selectable": true,
          "locked": false,
          "grabbable": true,
          "pannable": true,
          "classes": ""
        },
        {
          "data": {
            "id": "w3av67x2jq",
            "source": "wj28ttzqmh",
            "target": "vcr528owc2"
          },
          "position": {
            "x": 0,
            "y": 0
          },
          "group": "edges",
          "removed": false,
          "selected": false,
          "selectable": true,
          "locked": false,
          "grabbable": true,
          "pannable": true,
          "classes": ""
        },
        {
          "data": {
            "id": "eo1k9u2ykn",
            "source": "63hmo9lte2",
            "target": "lsd5xc4yjs"
          },
          "position": {
            "x": 0,
            "y": 0
          },
          "group": "edges",
          "removed": false,
          "selected": false,
          "selectable": true,
          "locked": false,
          "grabbable": true,
          "pannable": true,
          "classes": ""
        },
        {
          "data": {
            "id": "1ur5jf1c9f",
            "source": "kso2whhptr",
            "target": "63hmo9lte2"
          },
          "position": {
            "x": 0,
            "y": 0
          },
          "group": "edges",
          "removed": false,
          "selected": false,
          "selectable": true,
          "locked": false,
          "grabbable": true,
          "pannable": true,
          "classes": ""
        },
        {
          "data": {
            "id": "yzdkqxo5q8",
            "source": "gmpvmmspkn",
            "target": "irtgzfib8i"
          },
          "position": {
            "x": 0,
            "y": 0
          },
          "group": "edges",
          "removed": false,
          "selected": false,
          "selectable": true,
          "locked": false,
          "grabbable": true,
          "pannable": true,
          "classes": ""
        },
        {
          "data": {
            "id": "cth5mja0dl",
            "source": "irtgzfib8i",
            "target": "w03ux9kx6r"
          },
          "position": {
            "x": 0,
            "y": 0
          },
          "group": "edges",
          "removed": false,
          "selected": false,
          "selectable": true,
          "locked": false,
          "grabbable": true,
          "pannable": true,
          "classes": ""
        },
        {
          "data": {
            "id": "x9dvmmni76",
            "source": "5155dwwxfd",
            "target": "gmpvmmspkn"
          },
          "position": {
            "x": 0,
            "y": 0
          },
          "group": "edges",
          "removed": false,
          "selected": false,
          "selectable": true,
          "locked": false,
          "grabbable": true,
          "pannable": true,
          "classes": ""
        },
        {
          "data": {
            "id": "l3rzy1bn4d",
            "source": "fbw88kvnys",
            "target": "mf9rl6b4nv"
          },
          "position": {
            "x": 0,
            "y": 0
          },
          "group": "edges",
          "removed": false,
          "selected": false,
          "selectable": true,
          "locked": false,
          "grabbable": true,
          "pannable": true,
          "classes": ""
        },
        {
          "data": {
            "id": "n7ictyui0q",
            "source": "1j94r0mtsm",
            "target": "5155dwwxfd"
          },
          "position": {
            "x": 0,
            "y": 0
          },
          "group": "edges",
          "removed": false,
          "selected": false,
          "selectable": true,
          "locked": false,
          "grabbable": true,
          "pannable": true,
          "classes": ""
        },
        {
          "data": {
            "id": "50po47apj6",
            "source": "lsd5xc4yjs",
            "target": "wj28ttzqmh"
          },
          "position": {
            "x": 0,
            "y": 0
          },
          "group": "edges",
          "removed": false,
          "selected": false,
          "selectable": true,
          "locked": false,
          "grabbable": true,
          "pannable": true,
          "classes": ""
        },
        {
          "data": {
            "id": "zlhl31sz44",
            "source": "t79ndxhbwx",
            "target": "w5pr9rgq4k"
          },
          "position": {
            "x": 0,
            "y": 0
          },
          "group": "edges",
          "removed": false,
          "selected": false,
          "selectable": true,
          "locked": false,
          "grabbable": true,
          "pannable": true,
          "classes": ""
        },
        {
          "data": {
            "id": "zqaf3twh4t",
            "source": "67olx6l7wk",
            "target": "4fvr2lfgup"
          },
          "position": {
            "x": 0,
            "y": 0
          },
          "group": "edges",
          "removed": false,
          "selected": false,
          "selectable": true,
          "locked": false,
          "grabbable": true,
          "pannable": true,
          "classes": ""
        },
        {
          "data": {
            "id": "x4ik1x5g8r",
            "source": "w5pr9rgq4k",
            "target": "67olx6l7wk"
          },
          "position": {
            "x": 0,
            "y": 0
          },
          "group": "edges",
          "removed": false,
          "selected": false,
          "selectable": true,
          "locked": false,
          "grabbable": true,
          "pannable": true,
          "classes": ""
        },
        {
          "data": {
            "id": "1xiflk0zsg",
            "source": "4xgx8st2z7",
            "target": "4w405feudy"
          },
          "position": {
            "x": 0,
            "y": 0
          },
          "group": "edges",
          "removed": false,
          "selected": false,
          "selectable": true,
          "locked": false,
          "grabbable": true,
          "pannable": true,
          "classes": ""
        },
        {
          "data": {
            "id": "a3xkvsmge8",
            "source": "4w405feudy",
            "target": "t79ndxhbwx"
          },
          "position": {
            "x": 0,
            "y": 0
          },
          "group": "edges",
          "removed": false,
          "selected": false,
          "selectable": true,
          "locked": false,
          "grabbable": true,
          "pannable": true,
          "classes": ""
        },
        {
          "data": {
            "id": "z3zttoliv3",
            "source": "xfg6l0z29a",
            "target": "t67ox15qlx"
          },
          "position": {
            "x": 0,
            "y": 0
          },
          "group": "edges",
          "removed": false,
          "selected": false,
          "selectable": true,
          "locked": false,
          "grabbable": true,
          "pannable": true,
          "classes": ""
        },
        {
          "data": {
            "id": "nftvrh47th",
            "source": "t67ox15qlx",
            "target": "4xgx8st2z7"
          },
          "position": {
            "x": 0,
            "y": 0
          },
          "group": "edges",
          "removed": false,
          "selected": false,
          "selectable": true,
          "locked": false,
          "grabbable": true,
          "pannable": true,
          "classes": ""
        },
        {
          "data": {
            "id": "t3h30spr2i",
            "source": "mf9rl6b4nv",
            "target": "jq3o9zh5gu"
          },
          "position": {
            "x": 0,
            "y": 0
          },
          "group": "edges",
          "removed": false,
          "selected": false,
          "selectable": true,
          "locked": false,
          "grabbable": true,
          "pannable": true,
          "classes": ""
        },
        {
          "data": {
            "id": "t63b20et9t",
            "source": "kso2whhptr",
            "target": "grnmm30285"
          },
          "position": {
            "x": 0,
            "y": 0
          },
          "group": "edges",
          "removed": false,
          "selected": false,
          "selectable": true,
          "locked": false,
          "grabbable": true,
          "pannable": true,
          "classes": ""
        },
        {
          "data": {
            "id": "h1ez30dtac",
            "source": "jq3o9zh5gu",
            "target": "43p4v409w3"
          },
          "position": {
            "x": 0,
            "y": 0
          },
          "group": "edges",
          "removed": false,
          "selected": false,
          "selectable": true,
          "locked": false,
          "grabbable": true,
          "pannable": true,
          "classes": ""
        },
        {
          "data": {
            "id": "91xvnyvg13",
            "source": "43p4v409w3",
            "target": "2x21muagqz"
          },
          "position": {
            "x": 0,
            "y": 0
          },
          "group": "edges",
          "removed": false,
          "selected": false,
          "selectable": true,
          "locked": false,
          "grabbable": true,
          "pannable": true,
          "classes": ""
        },
        {
          "data": {
            "id": "6g5b9be365",
            "source": "2x21muagqz",
            "target": "fetpoe14op"
          },
          "position": {
            "x": 0,
            "y": 0
          },
          "group": "edges",
          "removed": false,
          "selected": false,
          "selectable": true,
          "locked": false,
          "grabbable": true,
          "pannable": true,
          "classes": ""
        },
        {
          "data": {
            "id": "3hrnphxxwj",
            "source": "fetpoe14op",
            "target": "3y3yurdwg4"
          },
          "position": {
            "x": 0,
            "y": 0
          },
          "group": "edges",
          "removed": false,
          "selected": false,
          "selectable": true,
          "locked": false,
          "grabbable": true,
          "pannable": true,
          "classes": ""
        }
      ]
    },
    "data": {},
    "zoomingEnabled": true,
    "userZoomingEnabled": true,
    "zoom": 1,
    "minZoom": 1e-50,
    "maxZoom": 1e+50,
    "panningEnabled": true,
    "userPanningEnabled": true,
    "pan": {
      "x": 0,
      "y": 0
    },
    "boxSelectionEnabled": true,
    "renderer": {
      "name": "null"
    }
  },
  "flowColor": "#E3F0FF",
  "savedDate": 1699306355414,
  "variables": [
    {
      "context": "flowInstance",
      "createdDate": 1696303017307,
      "fields": {
        "type": "string",
        "displayName": "",
        "min": 0,
        "max": 2000
      },
      "id": "b7add58d-4c03-4ae7-9954-d8adde885a61",
      "type": "property",
      "visibility": "private",
      "name": "AppicationsGroupID##SK##flowInstance",
      "companyId": "cd97344c-feac-4e9c-b4de-3b5adcd7abdc"
    },
    {
      "context": "flowInstance",
      "createdDate": 1696303017307,
      "fields": {
        "type": "string",
        "displayName": "",
        "min": 0,
        "max": 2000
      },
      "id": "d98f7dfc-9496-4960-9ba6-032c25b3ec04",
      "type": "property",
      "visibility": "private",
      "name": "PingOneEnvID##SK##flowInstance",
      "companyId": "cd97344c-feac-4e9c-b4de-3b5adcd7abdc"
    },
    {
      "context": "flowInstance",
      "createdDate": 1696303017306,
      "fields": {
        "type": "string",
        "displayName": "",
        "mutable": true,
        "min": 0,
        "max": 2000
      },
      "id": "98b71e71-e7d6-4e0c-b78f-31d6441ca574",
      "type": "property",
      "visibility": "private",
      "name": "clientID##SK##flowInstance",
      "companyId": "cd97344c-feac-4e9c-b4de-3b5adcd7abdc"
    },
    {
      "context": "flowInstance",
      "createdDate": 1696303017307,
      "fields": {
        "type": "string",
        "displayName": "",
        "mutable": true,
        "min": 0,
        "max": 2000
      },
      "id": "8680419d-6ede-4586-9873-8cfcdd0088ac",
      "type": "property",
      "visibility": "private",
      "name": "clientSecret##SK##flowInstance",
      "companyId": "cd97344c-feac-4e9c-b4de-3b5adcd7abdc"
    },
    {
      "context": "flowInstance",
      "createdDate": 1696354852530,
      "customerId": "fbb2a61aa0ded55d8ccd4e85b50ac80a",
      "fields": {
        "type": "object",
        "displayName": "",
        "mutable": true,
        "min": 0,
        "max": 2000
      },
      "id": "61dacbfd-3380-4065-b5b8-7f959c669958",
      "type": "property",
      "visibility": "private",
      "name": "roles##SK##flowInstance",
      "companyId": "cd97344c-feac-4e9c-b4de-3b5adcd7abdc"
    }
  ],
  "connections": []
}