{
  "companyId": "0d686611-0efa-47c6-ada7-dbbaaf75a96b",
  "authTokenExpireIds": [],
  "connectorIds": [
    "functionsConnector",
    "httpConnector",
    "pingOneSSOConnector",
    "variablesConnector",
    "annotationConnector",
    "screenConnector"
  ],
  "createdDate": 1696302857557,
  "currentVersion": 2,
  "customerId": "fbb2a61aa0ded55d8ccd4e85b50ac80a",
  "deployedDate": 1696302869453,
  "description": "Present groups allow the user to multiselect, return an array of the group ID's. Only groups the user is not a member of get returned.",
  "flowStatus": "enabled",
  "isOutputSchemaSaved": false,
  "name": "MJT Group dropdown for export",
  "publishedVersion": 2,
  "settings": {
    "csp": "worker-src 'self' blob:; script-src 'self' https://cdn.jsdelivr.net https://code.jquery.com https://devsdk.singularkey.com http://cdnjs.cloudflare.com 'unsafe-inline' 'unsafe-eval';",
    "intermediateLoadingScreenCSS": "",
    "intermediateLoadingScreenHTML": "",
    "logLevel": 2
  },
  "timeouts": "null",
  "updatedDate": 1696302869478,
  "flowId": "7330582f16d7d0118c2051cc2db7f71f",
  "versionId": 2,
  "graphData": {
    "elements": {
      "nodes": [
        {
          "data": {
            "id": "t79ndxhbwx",
            "nodeType": "CONNECTION",
            "connectionId": "de650ca45593b82c49064ead10b9fe17",
            "connectorId": "functionsConnector",
            "name": "Functions",
            "label": "Functions",
            "status": "configured",
            "capabilityName": "customFunction",
            "type": "trigger",
            "properties": {
              "variableInputList": {
                "value": [
                  {
                    "name": "appGroups",
                    "preferredDataType": "object",
                    "value": "[\n  {\n    \"children\": [\n      {\n        \"text\": \"\"\n      },\n      {\n        \"text\": \"\"\n      },\n      {\n        \"type\": \"link\",\n        \"src\": \"url:gmpvmmspkn\",\n        \"url\": \"groups\",\n        \"data\": \"{{local.gmpvmmspkn.payload.output.rawResponse.body._embedded.groups}}\",\n        \"tooltip\": \"{{local.gmpvmmspkn.payload.output.rawResponse.body._embedded.groups}}\",\n        \"children\": [\n          {\n            \"text\": \"{{local.gmpvmmspkn.payload.output.rawResponse.body._embedded.groups}}\"\n          }\n        ]\n      },\n      {\n        \"text\": \"\"\n      },\n      {\n        \"text\": \"\"\n      }\n    ]\n  }\n]"
                  },
                  {
                    "name": "usersGroups",
                    "preferredDataType": "object",
                    "value": "[\n  {\n    \"children\": [\n      {\n        \"text\": \"\"\n      },\n      {\n        \"text\": \"\"\n      },\n      {\n        \"type\": \"link\",\n        \"src\": \"url:4xgx8st2z7\",\n        \"url\": \"groupMemberships\",\n        \"data\": \"{{local.4xgx8st2z7.payload.output.groupMemberships}}\",\n        \"tooltip\": \"{{local.4xgx8st2z7.payload.output.groupMemberships}}\",\n        \"children\": [\n          {\n            \"text\": \"{{local.4xgx8st2z7.payload.output.groupMemberships}}\"\n          }\n        ]\n      },\n      {\n        \"text\": \"\"\n      },\n      {\n        \"text\": \"\"\n      }\n    ]\n  }\n]"
                  }
                ]
              },
              "code": {
                "value": "// Write your code here\n// Supported language: Javascript \nmodule.exports = a = async ({params}) => {\n\tconsole.log('params: ', params)\n\n\nvar appGroups = params.appGroups\nvar usersGroups = params.usersGroups\nvar availableGroups = \"\";\n\nfor (i=0; i < appGroups.length; i++){\n\tgroupMatch = false;\n\n\tfor (a=0; a < usersGroups.length; a++){\n\n\t\tif (appGroups[i].id == usersGroups[a].id){\n\t\t\tgroupMatch = true\n\t\t\tbreak;\n\t\t}\n\t}\n\n\tif (!groupMatch){\n\t\tavailableGroups += \"<option value=\\\"\"+ appGroups[i].id + \"\\\">\" + appGroups[i].name + \"</option>\\n\" ;\n\t}\n\n}\n\treturn {'availableGroups': availableGroups}\n}"
              },
              "outputSchema": {
                "value": "{\n\t\"output\": {\n\t\t\"type\": \"object\",\n\t\t\"properties\": {\n\t\t\t\"availableGroups\": {\n\t\t\t\t\"type\": \"string\"\n\t\t\t}\n\t\t}\n\t}\n}"
              },
              "nodeTitle": {
                "value": "Get available groups"
              },
              "nodeDescription": {
                "value": "Get available groups, but check the user is not already a member"
              },
              "backgroundColor": {
                "value": "#f5a623ff"
              }
            }
          },
          "position": {
            "x": 1930.515611379374,
            "y": 379.495386218217
          },
          "group": "nodes",
          "removed": false,
          "selected": false,
          "selectable": true,
          "locked": false,
          "grabbable": true,
          "pannable": false,
          "classes": ""
        },
        {
          "data": {
            "id": "67olx6l7wk",
            "nodeType": "CONNECTION",
            "connectionId": "40897c073ebd76ce5173c903109d49c8",
            "connectorId": "httpConnector",
            "name": "Dump To Screen",
            "label": "Http",
            "status": "configured",
            "capabilityName": "customHTMLTemplate",
            "type": "trigger",
            "properties": {
              "message": {
                "value": "[\n  {\n    \"children\": [\n      {\n        \"text\": \"\"\n      },\n      {\n        \"text\": \"\"\n      },\n      {\n        \"type\": \"link\",\n        \"src\": \"functions.svg\",\n        \"url\": \"availableGroups\",\n        \"data\": \"{{local.11jqltg34d.payload.output.availableGroups}}\",\n        \"tooltip\": \"{{local.11jqltg34d.payload.output.availableGroups}}\",\n        \"children\": [\n          {\n            \"text\": \"availableGroups\"\n          }\n        ]\n      },\n      {\n        \"text\": \"\"\n      }\n    ]\n  }\n]"
              },
              "showContinueButton": {
                "value": true
              },
              "customHTML": {
                "value": "<br>\n<br>\n<center>\n    <h3>Please select a group for access to the resource</h3>\n    <br>\n<form id=\"addGroups\">\n    <select id=\"selectedGroups\">\n{{local.t79ndxhbwx.payload.output.availableGroups}}\n </select>\n <input type=\"hidden\" id=\"selectedVals\">\n <br>\n <br>\n    <button data-id=\"submit-button\" type=\"submit\" class=\"btn btn-primary mb-3\" data-skcomponent=\"skbutton\"  data-skbuttontype=\"form-submit\" data-skform=\"addGroups\" data-skbuttonvalue=\"REGISTER\" id=\"btnCreate\">Make Request</button>\n\n       </form>\n       </center>"
              },
              "formFieldsList": {
                "value": [
                  {
                    "preferredControlType": "textField",
                    "preferredDataType": "string",
                    "propertyName": "buttonValue"
                  },
                  {
                    "propertyName": "selectedVals",
                    "preferredControlType": "textField",
                    "preferredDataType": "string",
                    "value": "",
                    "hashedVisibility": false
                  }
                ]
              },
              "nodeTitle": {
                "value": "GroupSelection"
              },
              "customScript": {
                "value": "\nvar objSel;\nobjSel = document.getElementById('selectedGroups')\nobjSel.setAttribute(\"multiple\", \"\");\n\nobjSel.onclick = function() {\n    var select = objSel;\n    var selected = [...select.selectedOptions]\n                    .map(option => option.value + \":\");\n\ndocument.getElementById('selectedVals').value = selected \n\n} "
              },
              "backgroundColor": {
                "value": "#417505ff"
              }
            },
            "idUnique": "fsl43z9zfh"
          },
          "position": {
            "x": 2174.4769310910847,
            "y": 379.495386218217
          },
          "group": "nodes",
          "removed": false,
          "selected": false,
          "selectable": true,
          "locked": false,
          "grabbable": true,
          "pannable": false,
          "classes": ""
        },
        {
          "data": {
            "id": "w5pr9rgq4k",
            "nodeType": "EVAL"
          },
          "position": {
            "x": 2038.9428645845787,
            "y": 379.495386218217
          },
          "group": "nodes",
          "removed": false,
          "selected": false,
          "selectable": true,
          "locked": false,
          "grabbable": true,
          "pannable": false,
          "classes": ""
        },
        {
          "data": {
            "id": "4fvr2lfgup",
            "nodeType": "EVAL"
          },
          "position": {
            "x": 2282.9041842962897,
            "y": 379.495386218217
          },
          "group": "nodes",
          "removed": false,
          "selected": false,
          "selectable": true,
          "locked": false,
          "grabbable": true,
          "pannable": false,
          "classes": ""
        },
        {
          "data": {
            "id": "fbw88kvnys",
            "nodeType": "CONNECTION",
            "connectionId": "de650ca45593b82c49064ead10b9fe17",
            "connectorId": "functionsConnector",
            "name": "Functions",
            "label": "Functions",
            "status": "configured",
            "capabilityName": "customFunction",
            "type": "trigger",
            "properties": {
              "variableInputList": {
                "value": [
                  {
                    "name": "selectedValues",
                    "preferredDataType": "object",
                    "value": "[\n  {\n    \"children\": [\n      {\n        \"text\": \"\"\n      },\n      {\n        \"text\": \"\"\n      },\n      {\n        \"type\": \"link\",\n        \"src\": \"http.svg\",\n        \"url\": \"selectedVals\",\n        \"data\": \"{{local.67olx6l7wk.payload.output.selectedVals}}\",\n        \"tooltip\": \"{{local.67olx6l7wk.payload.output.selectedVals}}\",\n        \"children\": [\n          {\n            \"text\": \"selectedVals\"\n          }\n        ]\n      },\n      {\n        \"text\": \"\"\n      }\n    ]\n  }\n]"
                  }
                ]
              },
              "code": {
                "value": "// Write your code here\n// Supported language: Javascript \nmodule.exports = a = async ({params}) => {\n\tconsole.log('params: ', params)\n\n\nvar selectedValues = params.selectedValues.split(\":,\");\n\nselectedValues.splice(selectedValues.length-1, 1, selectedValues[selectedValues.length-1].replace(\":\",\"\"))\n\n//selectedValues[selectedValues.length -1].replace(\":\",\"\")\n\n\treturn {'selectedValuesArray': selectedValues, 'numberOfGroupsSelected': selectedValues.length}\n}"
              },
              "outputSchema": {
                "value": "{\n\t\"output\": {\n\t\t\"type\": \"object\",\n\t\t\"properties\": {\n\t\t\t\"selectedValuesArray\": {\n\t\t\t\t\"type\": \"object\"\n\t\t\t},\n\t\t\t\"numberOfGroupsSelected\": {\n\t\t\t\t\"type\": \"number\"\n\t\t\t}\n\t\t}\n\t}\n}"
              },
              "nodeTitle": {
                "value": "Create Array of Selected Values"
              },
              "backgroundColor": {
                "value": "#f5a623ff"
              }
            },
            "idUnique": "r067w4t2x1"
          },
          "position": {
            "x": 2418.4382508027957,
            "y": 379.495386218217
          },
          "group": "nodes",
          "removed": false,
          "selected": false,
          "selectable": true,
          "locked": false,
          "grabbable": true,
          "pannable": false,
          "classes": ""
        },
        {
          "data": {
            "id": "xfg6l0z29a",
            "nodeType": "CONNECTION",
            "connectionId": "344c23cc23b45c5e2dc524189886aa04",
            "connectorId": "pingOneSSOConnector",
            "name": "PingOne Using My SADEMO Environment",
            "label": "PingOne AdvDemoEnv",
            "status": "configured",
            "capabilityName": "userLookup",
            "type": "action",
            "properties": {
              "matchAttributes": {
                "value": [
                  "username"
                ]
              },
              "userIdentifierForFindUser": {
                "value": "[\n  {\n    \"children\": [\n      {\n        \"text\": \"\"\n      },\n      {\n        \"text\": \"\"\n      },\n      {\n        \"type\": \"link\",\n        \"src\": \"screen.svg\",\n        \"url\": \"username\",\n        \"data\": \"{{local.grnmm30285.payload.output.username}}\",\n        \"tooltip\": \"{{local.grnmm30285.payload.output.username}}\",\n        \"children\": [\n          {\n            \"text\": \"username\"\n          }\n        ]\n      },\n      {\n        \"text\": \"\"\n      }\n    ]\n  }\n]"
              },
              "backgroundColor": {
                "value": "#4a90e2ff"
              }
            }
          },
          "position": {
            "x": 1442.5929719559522,
            "y": 379.495386218217
          },
          "group": "nodes",
          "removed": false,
          "selected": false,
          "selectable": true,
          "locked": false,
          "grabbable": true,
          "pannable": false,
          "classes": ""
        },
        {
          "data": {
            "id": "de8w6rj5ay",
            "nodeType": "EVAL",
            "label": "Evaluator"
          },
          "position": {
            "x": 1578.1270384624581,
            "y": 379.495386218217
          },
          "group": "nodes",
          "removed": false,
          "selected": false,
          "selectable": true,
          "locked": false,
          "grabbable": true,
          "pannable": false,
          "classes": ""
        },
        {
          "data": {
            "id": "4xgx8st2z7",
            "nodeType": "CONNECTION",
            "connectionId": "344c23cc23b45c5e2dc524189886aa04",
            "connectorId": "pingOneSSOConnector",
            "name": "PingOne Using My SADEMO Environment",
            "label": "PingOne AdvDemoEnv",
            "status": "configured",
            "capabilityName": "readUserGroupMemberships",
            "type": "action",
            "properties": {
              "identifier": {
                "value": "[\n  {\n    \"children\": [\n      {\n        \"text\": \"\"\n      },\n      {\n        \"text\": \"\"\n      },\n      {\n        \"type\": \"link\",\n        \"src\": \"pingIdentity.svg\",\n        \"url\": \"id\",\n        \"data\": \"{{local.xfg6l0z29a.payload.output.matchedUser.id}}\",\n        \"tooltip\": \"{{local.xfg6l0z29a.payload.output.matchedUser.id}}\",\n        \"children\": [\n          {\n            \"text\": \"id\"\n          }\n        ]\n      },\n      {\n        \"text\": \"\"\n      }\n    ]\n  }\n]"
              },
              "nodeTitle": {
                "value": "User Group memberships"
              },
              "backgroundColor": {
                "value": "#4a90e2ff"
              }
            }
          },
          "position": {
            "x": 1686.5542916676632,
            "y": 379.495386218217
          },
          "group": "nodes",
          "removed": false,
          "selected": false,
          "selectable": true,
          "locked": false,
          "grabbable": true,
          "pannable": false,
          "classes": ""
        },
        {
          "data": {
            "id": "4w405feudy",
            "nodeType": "EVAL"
          },
          "position": {
            "x": 1794.981544872868,
            "y": 379.495386218217
          },
          "group": "nodes",
          "removed": false,
          "selected": false,
          "selectable": true,
          "locked": false,
          "grabbable": true,
          "pannable": false,
          "classes": ""
        },
        {
          "data": {
            "id": "1j94r0mtsm",
            "nodeType": "CONNECTION",
            "connectionId": "40897c073ebd76ce5173c903109d49c8",
            "connectorId": "httpConnector",
            "name": "Dump To Screen",
            "label": "Http",
            "status": "configured",
            "capabilityName": "makeRestApiCall",
            "type": "trigger",
            "properties": {
              "headers": {
                "value": [
                  {
                    "key": "Authorization",
                    "value": "[\n  {\n    \"children\": [\n      {\n        \"text\": \"Basic \"\n      },\n      {\n        \"text\": \"\"\n      },\n      {\n        \"type\": \"link\",\n        \"src\": \"functions.svg\",\n        \"url\": \"encodedCredentials\",\n        \"data\": \"{{local.zrv73a98y7.payload.output.encodedCredentials}}\",\n        \"tooltip\": \"{{local.zrv73a98y7.payload.output.encodedCredentials}}\",\n        \"children\": [\n          {\n            \"text\": \"encodedCredentials\"\n          }\n        ]\n      },\n      {\n        \"text\": \"\"\n      }\n    ]\n  }\n]"
                  }
                ]
              },
              "url": {
                "value": "[\n  {\n    \"children\": [\n      {\n        \"text\": \"https://auth.pingone.com/\"\n      },\n      {\n        \"text\": \"\"\n      },\n      {\n        \"type\": \"link\",\n        \"src\": \"variable.svg\",\n        \"url\": \"PingOneEnvID\",\n        \"data\": \"{{global.variables.PingOneEnvID}}\",\n        \"tooltip\": \"{{global.variables.PingOneEnvID}}\",\n        \"children\": [\n          {\n            \"text\": \"PingOneEnvID\"\n          }\n        ]\n      },\n      {\n        \"text\": \"\"\n      },\n      {\n        \"text\": \"/as/token\"\n      }\n    ]\n  }\n]"
              },
              "httpMethod": {
                "value": "POST"
              },
              "nodeTitle": {
                "value": "GetAccessToken"
              },
              "httpBody": {
                "value": "xwwwFormUrlEncoded"
              },
              "bodyParams": {
                "value": [
                  {
                    "key": "grant_type",
                    "value": "[\n  {\n    \"children\": [\n      {\n        \"text\": \"client_credentials\"\n      }\n    ]\n  }\n]"
                  },
                  {
                    "key": "",
                    "value": ""
                  }
                ]
              },
              "backgroundColor": {
                "value": "#4a90e2ff"
              },
              "contentType": {
                "value": "application/json"
              }
            }
          },
          "position": {
            "x": 927.5635192312291,
            "y": 379.495386218217
          },
          "group": "nodes",
          "removed": false,
          "selected": false,
          "selectable": true,
          "locked": false,
          "grabbable": true,
          "pannable": false,
          "classes": ""
        },
        {
          "data": {
            "id": "gdii0fnxgv",
            "nodeType": "CONNECTION",
            "connectionId": "06922a684039827499bdbdd97f49827b",
            "connectorId": "variablesConnector",
            "name": "Variables",
            "label": "Variables",
            "status": "configured",
            "capabilityName": "saveValue",
            "type": "trigger",
            "properties": {
              "saveVariables": {
                "value": [
                  {
                    "name": "PingOneEnvID",
                    "value": "[\n  {\n    \"children\": [\n      {\n        \"text\": \"0d686611-0efa-47c6-ada7-dbbaaf75a96b\"\n      }\n    ]\n  }\n]",
                    "key": 0.6482211196632945,
                    "label": "PingOneEnvID (string - flowInstance)",
                    "type": "string"
                  },
                  {
                    "name": "clientID",
                    "value": "[\n  {\n    \"children\": [\n      {\n        \"text\": \"9e65d2b7-0ca6-48eb-bd89-c2ce58dc385a\"\n      }\n    ]\n  }\n]",
                    "key": 0.11200026837225052,
                    "type": "string",
                    "label": "clientID (string - flowInstance)"
                  },
                  {
                    "name": "clientSecret",
                    "value": "[\n  {\n    \"children\": [\n      {\n        \"text\": \"m6TNQShtvFPoi9W_CjPyVpv~yvRY6RN48wsEZqDzBGSCNFCEOlamjyqu-sQKZtnD\"\n      }\n    ]\n  }\n]",
                    "key": 0.7594213140818482,
                    "type": "string",
                    "label": "clientSecret (string - flowInstance)"
                  },
                  {
                    "name": "AppicationsGroupID",
                    "value": "[\n  {\n    \"children\": [\n      {\n        \"text\": \"43f9747f-1d48-49bf-bac2-0ae2ac9d41f5\"\n      }\n    ]\n  }\n]",
                    "key": 0.5957358475573544,
                    "label": "AppicationsGroupID (string - flowInstance)",
                    "type": "string"
                  }
                ]
              }
            }
          },
          "position": {
            "x": 277,
            "y": 379.495386218217
          },
          "group": "nodes",
          "removed": false,
          "selected": false,
          "selectable": true,
          "locked": false,
          "grabbable": true,
          "pannable": false,
          "classes": ""
        },
        {
          "data": {
            "id": "gmpvmmspkn",
            "nodeType": "CONNECTION",
            "connectionId": "40897c073ebd76ce5173c903109d49c8",
            "connectorId": "httpConnector",
            "name": "Dump To Screen",
            "label": "httpConnector",
            "status": "configured",
            "capabilityName": "makeRestApiCall",
            "type": "trigger",
            "properties": {
              "url": {
                "value": "[\n  {\n    \"children\": [\n      {\n        \"text\": \"https://api.pingone.com/v1/environments/\"\n      },\n      {\n        \"text\": \"\"\n      },\n      {\n        \"text\": \"\"\n      },\n      {\n        \"type\": \"link\",\n        \"src\": \"variable.svg\",\n        \"url\": \"PingOneEnvID\",\n        \"data\": \"{{global.variables.PingOneEnvID}}\",\n        \"tooltip\": \"{{global.variables.PingOneEnvID}}\",\n        \"children\": [\n          {\n            \"text\": \"PingOneEnvID\"\n          }\n        ]\n      },\n      {\n        \"text\": \"\"\n      },\n      {\n        \"text\": \"\"\n      },\n      {\n        \"text\": \"/\"\n      },\n      {\n        \"text\": \"groups\"\n      },\n      {\n        \"text\": \"?filter=memberOfGroups%5Bid%20eq%20%22\"\n      },\n      {\n        \"text\": \"\"\n      },\n      {\n        \"type\": \"link\",\n        \"src\": \"variable.svg\",\n        \"url\": \"AppicationsGroupID\",\n        \"data\": \"{{global.variables.AppicationsGroupID}}\",\n        \"tooltip\": \"{{global.variables.AppicationsGroupID}}\",\n        \"children\": [\n          {\n            \"text\": \"AppicationsGroupID\"\n          }\n        ]\n      },\n      {\n        \"text\": \"\"\n      },\n      {\n        \"text\": \"%22%20and%20type%20eq%20%22DIRECT%22%5D\"\n      },\n      {\n        \"text\": \"\"\n      }\n    ]\n  }\n]"
              },
              "headers": {
                "value": [
                  {
                    "key": "Authorization",
                    "value": "[\n  {\n    \"children\": [\n      {\n        \"text\": \"Bearer {{local.1j94r0mtsm.payload.output.rawResponse.body.access_token}}\"\n      }\n    ]\n  }\n]"
                  },
                  {
                    "key": "accept",
                    "value": "[\n  {\n    \"children\": [\n      {\n        \"text\": \"*/*\"\n      }\n    ]\n  }\n]"
                  }
                ]
              },
              "httpBody": {
                "value": "none"
              },
              "httpMethod": {
                "value": "GET"
              },
              "contentType": {
                "value": "application/hal+json"
              },
              "raw": {},
              "backgroundColor": {
                "value": "#4a90e2ff"
              },
              "nodeTitle": {
                "value": "Get application groups from parent group"
              }
            },
            "idUnique": "zlrow3df0p"
          },
          "position": {
            "x": 1171.52483894294,
            "y": 379.495386218217
          },
          "group": "nodes",
          "removed": false,
          "selected": false,
          "selectable": true,
          "locked": false,
          "grabbable": true,
          "pannable": false,
          "classes": ""
        },
        {
          "data": {
            "id": "5155dwwxfd",
            "nodeType": "EVAL"
          },
          "position": {
            "x": 1063.097585737735,
            "y": 379.495386218217
          },
          "group": "nodes",
          "removed": false,
          "selected": false,
          "selectable": true,
          "locked": false,
          "grabbable": true,
          "pannable": false,
          "classes": ""
        },
        {
          "data": {
            "id": "zrv73a98y7",
            "nodeType": "CONNECTION",
            "connectionId": "de650ca45593b82c49064ead10b9fe17",
            "connectorId": "functionsConnector",
            "name": "Functions",
            "label": "Functions",
            "status": "configured",
            "capabilityName": "customFunction",
            "type": "trigger",
            "properties": {
              "nodeTitle": {
                "value": "Encode Basic Credentials"
              },
              "nodeDescription": {
                "value": "Base64 encode clientId:clientSecret"
              },
              "outputSchema": {
                "value": "{\n\t\"output\": {\n\t\t\"type\": \"object\",\n\t\t\"properties\": {\n\t\t\t\"encodedCredentials\": {\n\t\t\t\t\"type\": \"string\"\n\t\t\t}\n\t\t}\n\t}\n}"
              },
              "variableInputList": {
                "value": [
                  {
                    "name": "clientId",
                    "preferredDataType": "string",
                    "value": "[\n  {\n    \"children\": [\n      {\n        \"text\": \"\"\n      },\n      {\n        \"text\": \"\"\n      },\n      {\n        \"type\": \"link\",\n        \"src\": \"variable.svg\",\n        \"url\": \"clientID\",\n        \"data\": \"{{global.variables.clientID}}\",\n        \"tooltip\": \"{{global.variables.clientID}}\",\n        \"children\": [\n          {\n            \"text\": \"clientID\"\n          }\n        ]\n      },\n      {\n        \"text\": \"\"\n      }\n    ]\n  }\n]"
                  },
                  {
                    "name": "clientSecret",
                    "preferredDataType": "string",
                    "value": "[\n  {\n    \"children\": [\n      {\n        \"text\": \"\"\n      },\n      {\n        \"text\": \"\"\n      },\n      {\n        \"type\": \"link\",\n        \"src\": \"variable.svg\",\n        \"url\": \"clientSecret\",\n        \"data\": \"{{global.variables.clientSecret}}\",\n        \"tooltip\": \"{{global.variables.clientSecret}}\",\n        \"children\": [\n          {\n            \"text\": \"clientSecret\"\n          }\n        ]\n      },\n      {\n        \"text\": \"\"\n      }\n    ]\n  }\n]"
                  }
                ]
              },
              "code": {
                "value": "/**\n * Encode basic credentials\n * @param {string} clientId - The client Id to encode\n * @param {string} clientSecret - The client secret to encode\n * @returns {string} base64 encoded clientId:clientSecret\n */\nmodule.exports = a = async ({ params }) => {\n  const clientId = params.clientId;\n  const clientSecret = params.clientSecret;\n\n  // If either value is missing, return an error\n  if (!clientId || !clientSecret) {\n    return false;\n  }\n\n  const encodedCredentials = new Buffer(clientId + \":\" + clientSecret).toString(\"base64\");\n\n  return { 'encodedCredentials': encodedCredentials }\n}"
              },
              "backgroundColor": {
                "value": "#f5a623ff"
              }
            },
            "idUnique": "21gisu4zae"
          },
          "position": {
            "x": 520.9613197117109,
            "y": 379.495386218217
          },
          "group": "nodes",
          "removed": false,
          "selected": false,
          "selectable": true,
          "locked": false,
          "grabbable": true,
          "pannable": false,
          "classes": ""
        },
        {
          "data": {
            "id": "bh6tiq3qdw",
            "nodeType": "EVAL"
          },
          "position": {
            "x": 412.53406650650606,
            "y": 379.495386218217
          },
          "group": "nodes",
          "removed": false,
          "selected": false,
          "selectable": true,
          "locked": false,
          "grabbable": true,
          "pannable": false,
          "classes": ""
        },
        {
          "data": {
            "id": "b1upogw62n",
            "nodeType": "EVAL"
          },
          "position": {
            "x": 1279.9520921481449,
            "y": 379.495386218217
          },
          "group": "nodes",
          "removed": false,
          "selected": false,
          "selectable": true,
          "locked": false,
          "grabbable": true,
          "pannable": false,
          "classes": ""
        },
        {
          "data": {
            "id": "zbnxpatzw2",
            "nodeType": "EVAL",
            "label": "Evaluator"
          },
          "position": {
            "x": 2553.9723173093016,
            "y": 379.495386218217
          },
          "group": "nodes",
          "removed": false,
          "selected": false,
          "selectable": true,
          "locked": false,
          "grabbable": true,
          "pannable": false,
          "classes": ""
        },
        {
          "data": {
            "id": "ueuieyx7u5",
            "nodeType": "CONNECTION",
            "connectionId": "40897c073ebd76ce5173c903109d49c8",
            "connectorId": "httpConnector",
            "name": "Dump To Screen",
            "label": "Http",
            "status": "configured",
            "capabilityName": "customHtmlMessage",
            "type": "trigger",
            "properties": {
              "message": {
                "value": "[\n  {\n    \"children\": [\n      {\n        \"text\": \"\"\n      },\n      {\n        \"text\": \"\"\n      },\n      {\n        \"type\": \"link\",\n        \"src\": \"url:fbw88kvnys\",\n        \"url\": \"selectedValuesArray\",\n        \"data\": \"{{local.fbw88kvnys.payload.output.selectedValuesArray}}\",\n        \"tooltip\": \"{{local.fbw88kvnys.payload.output.selectedValuesArray}}\",\n        \"children\": [\n          {\n            \"text\": \"{{local.fbw88kvnys.payload.output.selectedValuesArray}}\"\n          }\n        ]\n      },\n      {\n        \"text\": \"\"\n      },\n      {\n        \"text\": \"\\n\"\n      },\n      {\n        \"text\": \"\"\n      }\n    ]\n  }\n]"
              },
              "backgroundColor": {
                "value": "#417505ff"
              }
            }
          },
          "position": {
            "x": 2662.3995705145066,
            "y": 379.495386218217
          },
          "group": "nodes",
          "removed": false,
          "selected": false,
          "selectable": true,
          "locked": false,
          "grabbable": true,
          "pannable": false,
          "classes": ""
        },
        {
          "data": {
            "id": "d9xzobha88",
            "nodeType": "ANNOTATION",
            "name": "Annotation",
            "connectionId": "921bfae85c38ed45045e07be703d86b8",
            "connectorId": "annotationConnector",
            "capabilityName": "updateAnnotationProperties",
            "type": "action",
            "properties": {
              "backgroundColor": {
                "value": "#25558eff"
              },
              "annotationTextColor": {
                "value": "#ffffffff"
              },
              "annotation": {
                "value": "Look at application groups, user groups and present a list of options for the user to select something."
              },
              "fontFamily": {
                "value": "arial"
              }
            },
            "status": "configured"
          },
          "position": {
            "x": 1051.8506251075187,
            "y": 214
          },
          "group": "nodes",
          "removed": false,
          "selected": false,
          "selectable": true,
          "locked": false,
          "grabbable": true,
          "pannable": false,
          "classes": ""
        },
        {
          "data": {
            "id": "7rp8ptj1yq",
            "nodeType": "EVAL",
            "label": "Evaluator"
          },
          "position": {
            "x": 629.3885729169158,
            "y": 379.495386218217
          },
          "group": "nodes",
          "removed": false,
          "selected": false,
          "selectable": true,
          "locked": false,
          "grabbable": true,
          "pannable": false,
          "classes": ""
        },
        {
          "data": {
            "id": "grnmm30285",
            "nodeType": "CONNECTION",
            "connectionId": "f099bcdd3cdb4489b32fb34bd2f3791f",
            "connectorId": "screenConnector",
            "name": "Screen [2023-03-01]",
            "label": "Screen",
            "status": "configured",
            "capabilityName": "createView",
            "type": "trigger",
            "properties": {
              "screen0Config": {
                "properties": {
                  "screenComponentList": {
                    "value": [
                      {
                        "propertyName": "username",
                        "preferredControlType": "textField",
                        "preferredDataType": "string",
                        "value": "[\n  {\n    \"children\": [\n      {\n        \"text\": \"\"\n      }\n    ]\n  }\n]",
                        "attributes": {
                          "displayName": "Enter Username"
                        }
                      }
                    ]
                  }
                }
              },
              "backgroundColor": {
                "value": "#417505ff"
              }
            }
          },
          "position": {
            "x": 737.8158261221206,
            "y": 379.495386218217
          },
          "group": "nodes",
          "removed": false,
          "selected": false,
          "selectable": true,
          "locked": false,
          "grabbable": true,
          "pannable": false,
          "classes": ""
        },
        {
          "data": {
            "id": "dzlb7uio09",
            "nodeType": "EVAL"
          },
          "position": {
            "x": 819.1362660260243,
            "y": 379.495386218217
          },
          "group": "nodes",
          "removed": false,
          "selected": false,
          "selectable": true,
          "locked": false,
          "grabbable": true,
          "pannable": false,
          "classes": ""
        }
      ],
      "edges": [
        {
          "data": {
            "id": "1xiflk0zsg",
            "source": "4xgx8st2z7",
            "target": "4w405feudy"
          },
          "position": {
            "x": 0,
            "y": 0
          },
          "group": "edges",
          "removed": false,
          "selected": false,
          "selectable": true,
          "locked": false,
          "grabbable": true,
          "pannable": true,
          "classes": ""
        },
        {
          "data": {
            "id": "zejorugwjz",
            "source": "bh6tiq3qdw",
            "target": "zrv73a98y7"
          },
          "position": {
            "x": 0,
            "y": 0
          },
          "group": "edges",
          "removed": false,
          "selected": false,
          "selectable": true,
          "locked": false,
          "grabbable": true,
          "pannable": true,
          "classes": ""
        },
        {
          "data": {
            "id": "mbvrmun401",
            "source": "xfg6l0z29a",
            "target": "de8w6rj5ay"
          },
          "position": {
            "x": 0,
            "y": 0
          },
          "group": "edges",
          "removed": false,
          "selected": false,
          "selectable": true,
          "locked": false,
          "grabbable": true,
          "pannable": true,
          "classes": ""
        },
        {
          "data": {
            "id": "fznxaidz3i",
            "source": "gmpvmmspkn",
            "target": "b1upogw62n"
          },
          "position": {
            "x": 0,
            "y": 0
          },
          "group": "edges",
          "removed": false,
          "selected": false,
          "selectable": true,
          "locked": false,
          "grabbable": true,
          "pannable": true,
          "classes": ""
        },
        {
          "data": {
            "id": "1o8thrkkig",
            "source": "fbw88kvnys",
            "target": "zbnxpatzw2"
          },
          "position": {
            "x": 0,
            "y": 0
          },
          "group": "edges",
          "removed": false,
          "selected": false,
          "selectable": true,
          "locked": false,
          "grabbable": true,
          "pannable": true,
          "classes": ""
        },
        {
          "data": {
            "id": "uy41yqovt3",
            "source": "zbnxpatzw2",
            "target": "ueuieyx7u5"
          },
          "position": {
            "x": 0,
            "y": 0
          },
          "group": "edges",
          "removed": false,
          "selected": false,
          "selectable": true,
          "locked": false,
          "grabbable": true,
          "pannable": true,
          "classes": ""
        },
        {
          "data": {
            "id": "pgqs4dr7gc",
            "source": "de8w6rj5ay",
            "target": "4xgx8st2z7"
          },
          "position": {
            "x": 0,
            "y": 0
          },
          "group": "edges",
          "removed": false,
          "selected": false,
          "selectable": true,
          "locked": false,
          "grabbable": true,
          "pannable": true,
          "classes": ""
        },
        {
          "data": {
            "id": "0dy9ghahf4",
            "source": "gdii0fnxgv",
            "target": "bh6tiq3qdw"
          },
          "position": {
            "x": 0,
            "y": 0
          },
          "group": "edges",
          "removed": false,
          "selected": false,
          "selectable": true,
          "locked": false,
          "grabbable": true,
          "pannable": true,
          "classes": ""
        },
        {
          "data": {
            "id": "x9dvmmni76",
            "source": "5155dwwxfd",
            "target": "gmpvmmspkn"
          },
          "position": {
            "x": 0,
            "y": 0
          },
          "group": "edges",
          "removed": false,
          "selected": false,
          "selectable": true,
          "locked": false,
          "grabbable": true,
          "pannable": true,
          "classes": ""
        },
        {
          "data": {
            "id": "s0mlzumetw",
            "source": "b1upogw62n",
            "target": "xfg6l0z29a"
          },
          "position": {
            "x": 0,
            "y": 0
          },
          "group": "edges",
          "removed": false,
          "selected": false,
          "selectable": true,
          "locked": false,
          "grabbable": true,
          "pannable": true,
          "classes": ""
        },
        {
          "data": {
            "id": "n7ictyui0q",
            "source": "1j94r0mtsm",
            "target": "5155dwwxfd"
          },
          "position": {
            "x": 0,
            "y": 0
          },
          "group": "edges",
          "removed": false,
          "selected": false,
          "selectable": true,
          "locked": false,
          "grabbable": true,
          "pannable": true,
          "classes": ""
        },
        {
          "data": {
            "id": "a3xkvsmge8",
            "source": "4w405feudy",
            "target": "t79ndxhbwx"
          },
          "position": {
            "x": 0,
            "y": 0
          },
          "group": "edges",
          "removed": false,
          "selected": false,
          "selectable": true,
          "locked": false,
          "grabbable": true,
          "pannable": true,
          "classes": ""
        },
        {
          "data": {
            "id": "zqaf3twh4t",
            "source": "67olx6l7wk",
            "target": "4fvr2lfgup"
          },
          "position": {
            "x": 0,
            "y": 0
          },
          "group": "edges",
          "removed": false,
          "selected": false,
          "selectable": true,
          "locked": false,
          "grabbable": true,
          "pannable": true,
          "classes": ""
        },
        {
          "data": {
            "id": "x4ik1x5g8r",
            "source": "w5pr9rgq4k",
            "target": "67olx6l7wk"
          },
          "position": {
            "x": 0,
            "y": 0
          },
          "group": "edges",
          "removed": false,
          "selected": false,
          "selectable": true,
          "locked": false,
          "grabbable": true,
          "pannable": true,
          "classes": ""
        },
        {
          "data": {
            "id": "zlhl31sz44",
            "source": "t79ndxhbwx",
            "target": "w5pr9rgq4k"
          },
          "position": {
            "x": 0,
            "y": 0
          },
          "group": "edges",
          "removed": false,
          "selected": false,
          "selectable": true,
          "locked": false,
          "grabbable": true,
          "pannable": true,
          "classes": ""
        },
        {
          "data": {
            "id": "ik8galkzpr",
            "source": "4fvr2lfgup",
            "target": "fbw88kvnys"
          },
          "position": {
            "x": 0,
            "y": 0
          },
          "group": "edges",
          "removed": false,
          "selected": false,
          "selectable": true,
          "locked": false,
          "grabbable": true,
          "pannable": true,
          "classes": ""
        },
        {
          "data": {
            "id": "i10n8kk8dw",
            "source": "zrv73a98y7",
            "target": "7rp8ptj1yq"
          },
          "position": {
            "x": 0,
            "y": 0
          },
          "group": "edges",
          "removed": false,
          "selected": false,
          "selectable": true,
          "locked": false,
          "grabbable": true,
          "pannable": true,
          "classes": ""
        },
        {
          "data": {
            "id": "mio9sxjb8y",
            "source": "7rp8ptj1yq",
            "target": "grnmm30285"
          },
          "position": {
            "x": 0,
            "y": 0
          },
          "group": "edges",
          "removed": false,
          "selected": false,
          "selectable": true,
          "locked": false,
          "grabbable": true,
          "pannable": true,
          "classes": ""
        },
        {
          "data": {
            "id": "iyraqd7h62",
            "source": "grnmm30285",
            "target": "dzlb7uio09"
          },
          "position": {
            "x": 0,
            "y": 0
          },
          "group": "edges",
          "removed": false,
          "selected": false,
          "selectable": true,
          "locked": false,
          "grabbable": true,
          "pannable": true,
          "classes": ""
        },
        {
          "data": {
            "id": "bp3locrvfx",
            "source": "dzlb7uio09",
            "target": "1j94r0mtsm"
          },
          "position": {
            "x": 0,
            "y": 0
          },
          "group": "edges",
          "removed": false,
          "selected": false,
          "selectable": true,
          "locked": false,
          "grabbable": true,
          "pannable": true,
          "classes": ""
        }
      ]
    },
    "data": {},
    "zoomingEnabled": true,
    "userZoomingEnabled": true,
    "zoom": 1,
    "minZoom": 1e-50,
    "maxZoom": 1e+50,
    "panningEnabled": true,
    "userPanningEnabled": true,
    "pan": {
      "x": 0,
      "y": 0
    },
    "boxSelectionEnabled": true,
    "renderer": {
      "name": "null"
    }
  },
  "flowColor": "#E3F0FF",
  "savedDate": 1696302857405,
  "variables": [
    {
      "context": "flowInstance",
      "createdDate": 1696302581434,
      "fields": {
        "type": "string",
        "displayName": "",
        "min": 0,
        "max": 2000
      },
      "id": "47add5ff-5837-4a5f-9d34-695cae8741dc",
      "type": "property",
      "visibility": "private",
      "name": "AppicationsGroupID##SK##flowInstance",
      "companyId": "0d686611-0efa-47c6-ada7-dbbaaf75a96b"
    },
    {
      "context": "flowInstance",
      "createdDate": 1696302581433,
      "fields": {
        "type": "string",
        "displayName": "",
        "min": 0,
        "max": 2000
      },
      "id": "cb294936-61c8-455e-9204-e49e9f958d2d",
      "type": "property",
      "visibility": "private",
      "name": "PingOneEnvID##SK##flowInstance",
      "companyId": "0d686611-0efa-47c6-ada7-dbbaaf75a96b"
    },
    {
      "context": "flowInstance",
      "createdDate": 1680792999033,
      "fields": {
        "type": "string",
        "displayName": "",
        "mutable": true,
        "min": 0,
        "max": 2000
      },
      "id": "8c6e9dde-7ea0-4a75-b833-6a92b68c8b95",
      "type": "property",
      "visibility": "private",
      "name": "clientID##SK##flowInstance",
      "companyId": "0d686611-0efa-47c6-ada7-dbbaaf75a96b"
    },
    {
      "context": "flowInstance",
      "createdDate": 1680792999032,
      "fields": {
        "type": "string",
        "displayName": "",
        "mutable": true,
        "min": 0,
        "max": 2000
      },
      "id": "034c4f07-7f9a-4e99-9309-8514cdcee941",
      "type": "property",
      "visibility": "private",
      "name": "clientSecret##SK##flowInstance",
      "companyId": "0d686611-0efa-47c6-ada7-dbbaaf75a96b"
    }
  ],
  "connections": []
}